#! /c/Source/iverilog-install/bin/vvp
:ivl_version "12.0 (devel)" "(s20150603-1110-g18392a46)";
:ivl_delay_selection "TYPICAL";
:vpi_time_precision - 12;
:vpi_module "C:\iverilog\lib\ivl\system.vpi";
:vpi_module "C:\iverilog\lib\ivl\vhdl_sys.vpi";
:vpi_module "C:\iverilog\lib\ivl\vhdl_textio.vpi";
:vpi_module "C:\iverilog\lib\ivl\v2005_math.vpi";
:vpi_module "C:\iverilog\lib\ivl\va_math.vpi";
S_0000024fc00b3b10 .scope module, "tb_MIPS_SingleCycle" "tb_MIPS_SingleCycle" 2 3;
 .timescale -9 -12;
v0000024fc01552c0_0 .var "clk", 0 0;
v0000024fc0155d60_0 .net "halt", 0 0, L_0000024fc01b0df0;  1 drivers
v0000024fc0155860_0 .var "reset", 0 0;
E_0000024fc00a4660 .event anyedge, v0000024fc01555e0_0;
S_0000024fc006f780 .scope module, "DUT" "MIPS_SingleCycle" 2 11, 3 379 0, S_0000024fc00b3b10;
 .timescale 0 0;
    .port_info 0 /INPUT 1 "clk";
    .port_info 1 /INPUT 1 "reset";
    .port_info 2 /OUTPUT 1 "halt";
L_0000024fc00c0c80 .functor OR 1, L_0000024fc01550e0, L_0000024fc01545a0, C4<0>, C4<0>;
L_0000024fc00c0b30 .functor OR 1, L_0000024fc00c0c80, L_0000024fc01b21f0, C4<0>, C4<0>;
L_0000024fc00c0900 .functor AND 1, L_0000024fc01548c0, L_0000024fc00c0b30, C4<1>, C4<1>;
L_0000024fc00c0350 .functor AND 1, v0000024fc0138c90_0, L_0000024fc01b0c10, C4<1>, C4<1>;
v0000024fc0152810_0 .net "ALUOp", 2 0, v0000024fc006e900_0;  1 drivers
v0000024fc0152310_0 .net "ALUResult", 31 0, v0000024fc009d290_0;  1 drivers
v0000024fc0153d50_0 .net "ALUSrc", 0 0, v0000024fc006e9a0_0;  1 drivers
v0000024fc0153cb0_0 .net "ALUSrcIn0", 31 0, L_0000024fc01b1c50;  1 drivers
v0000024fc01530d0_0 .net "Branch", 0 0, v0000024fc0138c90_0;  1 drivers
v0000024fc01526d0_0 .net "MemRead", 0 0, v0000024fc0139550_0;  1 drivers
v0000024fc0152b30_0 .net "MemWrite", 0 0, v0000024fc0138dd0_0;  1 drivers
v0000024fc0152bd0_0 .net "MemtoReg", 0 0, v0000024fc0138830_0;  1 drivers
v0000024fc0153710_0 .net "OperandA", 31 0, L_0000024fc01b1930;  1 drivers
v0000024fc0152770_0 .net "OperandB", 31 0, L_0000024fc01b28d0;  1 drivers
v0000024fc0153170_0 .net "ReadData", 31 0, v0000024fc0138330_0;  1 drivers
v0000024fc0152db0_0 .net "ReadDataA", 31 0, L_0000024fc0155680;  1 drivers
v0000024fc0153530_0 .net "ReadDataB", 31 0, L_0000024fc0155ea0;  1 drivers
v0000024fc0153210_0 .net "RegDst", 0 0, v0000024fc0138f10_0;  1 drivers
v0000024fc0153df0_0 .net "RegWrite", 0 0, v0000024fc0138bf0_0;  1 drivers
v0000024fc0153b70_0 .net "WriteBackData", 31 0, L_0000024fc01b19d0;  1 drivers
L_0000024fc01569b8 .functor BUFT 1, C4<00000000000000000000000000000100>, C4<0>, C4<0>, C4<0>;
v0000024fc0153850_0 .net/2u *"_ivl_0", 31 0, L_0000024fc01569b8;  1 drivers
v0000024fc0152450_0 .net *"_ivl_19", 5 0, L_0000024fc0156080;  1 drivers
L_0000024fc0156bf8 .functor BUFT 1, C4<001101>, C4<0>, C4<0>, C4<0>;
v0000024fc0152950_0 .net/2u *"_ivl_20", 5 0, L_0000024fc0156bf8;  1 drivers
v0000024fc0153350_0 .net *"_ivl_22", 0 0, L_0000024fc01543c0;  1 drivers
v0000024fc0153a30_0 .net *"_ivl_27", 5 0, L_0000024fc0154c80;  1 drivers
L_0000024fc0156c40 .functor BUFT 1, C4<000000>, C4<0>, C4<0>, C4<0>;
v0000024fc01529f0_0 .net/2u *"_ivl_28", 5 0, L_0000024fc0156c40;  1 drivers
v0000024fc0152a90_0 .net *"_ivl_30", 0 0, L_0000024fc01548c0;  1 drivers
v0000024fc0153e90_0 .net *"_ivl_33", 5 0, L_0000024fc0154fa0;  1 drivers
L_0000024fc0156c88 .functor BUFT 1, C4<000000>, C4<0>, C4<0>, C4<0>;
v0000024fc0152c70_0 .net/2u *"_ivl_34", 5 0, L_0000024fc0156c88;  1 drivers
v0000024fc01535d0_0 .net *"_ivl_36", 0 0, L_0000024fc01550e0;  1 drivers
v0000024fc0152d10_0 .net *"_ivl_39", 5 0, L_0000024fc0154460;  1 drivers
L_0000024fc0156cd0 .functor BUFT 1, C4<000010>, C4<0>, C4<0>, C4<0>;
v0000024fc0153490_0 .net/2u *"_ivl_40", 5 0, L_0000024fc0156cd0;  1 drivers
v0000024fc01533f0_0 .net *"_ivl_42", 0 0, L_0000024fc01545a0;  1 drivers
v0000024fc01538f0_0 .net *"_ivl_45", 0 0, L_0000024fc00c0c80;  1 drivers
v0000024fc0153990_0 .net *"_ivl_47", 5 0, L_0000024fc01b1390;  1 drivers
L_0000024fc0156d18 .functor BUFT 1, C4<000011>, C4<0>, C4<0>, C4<0>;
v0000024fc0152e50_0 .net/2u *"_ivl_48", 5 0, L_0000024fc0156d18;  1 drivers
v0000024fc0152ef0_0 .net *"_ivl_50", 0 0, L_0000024fc01b21f0;  1 drivers
v0000024fc0153f30_0 .net *"_ivl_53", 0 0, L_0000024fc00c0b30;  1 drivers
L_0000024fc0156d60 .functor BUFT 1, C4<000000000000000000000000000>, C4<0>, C4<0>, C4<0>;
v0000024fc0153fd0_0 .net/2u *"_ivl_56", 26 0, L_0000024fc0156d60;  1 drivers
v0000024fc0152f90_0 .net *"_ivl_59", 4 0, L_0000024fc01b1610;  1 drivers
v0000024fc0153ad0_0 .net *"_ivl_68", 31 0, L_0000024fc01b1250;  1 drivers
v0000024fc0154070_0 .net *"_ivl_70", 29 0, L_0000024fc01b1ed0;  1 drivers
L_0000024fc0156df0 .functor BUFT 1, C4<00>, C4<0>, C4<0>, C4<0>;
v0000024fc01521d0_0 .net *"_ivl_72", 1 0, L_0000024fc0156df0;  1 drivers
L_0000024fc0156e38 .functor BUFT 1, C4<11111111111111111111111111111111>, C4<0>, C4<0>, C4<0>;
v0000024fc0152270_0 .net/2u *"_ivl_80", 31 0, L_0000024fc0156e38;  1 drivers
v0000024fc0154e60_0 .net "alu_control", 3 0, v0000024fc009d6f0_0;  1 drivers
v0000024fc0154640_0 .net "branch_taken", 0 0, L_0000024fc00c0350;  1 drivers
v0000024fc0155c20_0 .net "clk", 0 0, v0000024fc01552c0_0;  1 drivers
v0000024fc01555e0_0 .net "halt", 0 0, L_0000024fc01b0df0;  alias, 1 drivers
v0000024fc0154dc0_0 .net "immediate", 31 0, L_0000024fc0154b40;  1 drivers
v0000024fc01546e0_0 .net "instruction", 31 0, v0000024fc01383d0_0;  1 drivers
v0000024fc01557c0_0 .net "is_shift_instruction", 0 0, L_0000024fc00c0900;  1 drivers
v0000024fc0155a40_0 .net "pc_branch", 31 0, L_0000024fc01b2290;  1 drivers
v0000024fc0155360_0 .net "pc_current", 31 0, v0000024fc01399b0_0;  1 drivers
v0000024fc0155cc0_0 .net "pc_next", 31 0, L_0000024fc01b12f0;  1 drivers
v0000024fc0154280_0 .net "pc_plus4", 31 0, L_0000024fc0155540;  1 drivers
v0000024fc01541e0_0 .net "reset", 0 0, v0000024fc0155860_0;  1 drivers
v0000024fc0154500_0 .net "shamt", 31 0, L_0000024fc01b2830;  1 drivers
v0000024fc0155ae0_0 .net "sign_ext_imm", 31 0, L_0000024fc0154320;  1 drivers
v0000024fc0154f00_0 .net "write_reg_addr", 4 0, L_0000024fc01559a0;  1 drivers
v0000024fc0155040_0 .net "zero", 0 0, L_0000024fc01b0c10;  1 drivers
v0000024fc0154d20_0 .net "zero_ext_imm", 31 0, L_0000024fc0155fe0;  1 drivers
L_0000024fc0155540 .arith/sum 32, v0000024fc01399b0_0, L_0000024fc01569b8;
L_0000024fc0154780 .part v0000024fc01383d0_0, 26, 6;
L_0000024fc0154820 .part v0000024fc01383d0_0, 16, 5;
L_0000024fc01554a0 .part v0000024fc01383d0_0, 11, 5;
L_0000024fc0155f40 .part v0000024fc01383d0_0, 21, 5;
L_0000024fc0155900 .part v0000024fc01383d0_0, 16, 5;
L_0000024fc0155400 .part v0000024fc01383d0_0, 0, 16;
L_0000024fc0155180 .part v0000024fc01383d0_0, 0, 16;
L_0000024fc0156080 .part v0000024fc01383d0_0, 26, 6;
L_0000024fc01543c0 .cmp/eq 6, L_0000024fc0156080, L_0000024fc0156bf8;
L_0000024fc0154b40 .functor MUXZ 32, L_0000024fc0154320, L_0000024fc0155fe0, L_0000024fc01543c0, C4<>;
L_0000024fc0154c80 .part v0000024fc01383d0_0, 26, 6;
L_0000024fc01548c0 .cmp/eq 6, L_0000024fc0154c80, L_0000024fc0156c40;
L_0000024fc0154fa0 .part v0000024fc01383d0_0, 0, 6;
L_0000024fc01550e0 .cmp/eq 6, L_0000024fc0154fa0, L_0000024fc0156c88;
L_0000024fc0154460 .part v0000024fc01383d0_0, 0, 6;
L_0000024fc01545a0 .cmp/eq 6, L_0000024fc0154460, L_0000024fc0156cd0;
L_0000024fc01b1390 .part v0000024fc01383d0_0, 0, 6;
L_0000024fc01b21f0 .cmp/eq 6, L_0000024fc01b1390, L_0000024fc0156d18;
L_0000024fc01b1610 .part v0000024fc01383d0_0, 6, 5;
L_0000024fc01b2830 .concat [ 5 27 0 0], L_0000024fc01b1610, L_0000024fc0156d60;
L_0000024fc01b1930 .functor MUXZ 32, L_0000024fc0155680, L_0000024fc0155ea0, L_0000024fc00c0900, C4<>;
L_0000024fc01b1c50 .functor MUXZ 32, L_0000024fc0155ea0, L_0000024fc01b2830, L_0000024fc00c0900, C4<>;
L_0000024fc01b1e30 .part v0000024fc01383d0_0, 0, 6;
L_0000024fc01b1ed0 .part L_0000024fc0154320, 0, 30;
L_0000024fc01b1250 .concat [ 2 30 0 0], L_0000024fc0156df0, L_0000024fc01b1ed0;
L_0000024fc01b2290 .arith/sum 32, L_0000024fc0155540, L_0000024fc01b1250;
L_0000024fc01b12f0 .functor MUXZ 32, L_0000024fc0155540, L_0000024fc01b2290, L_0000024fc00c0350, C4<>;
L_0000024fc01b0df0 .cmp/eq 32, v0000024fc01383d0_0, L_0000024fc0156e38;
S_0000024fc006f910 .scope module, "ALUCtrl" "ALUControl" 3 532, 3 275 0, S_0000024fc006f780;
 .timescale 0 0;
    .port_info 0 /INPUT 3 "ALUOp";
    .port_info 1 /INPUT 6 "funct";
    .port_info 2 /OUTPUT 4 "alu_control";
v0000024fc009c750_0 .net "ALUOp", 2 0, v0000024fc006e900_0;  alias, 1 drivers
v0000024fc009d6f0_0 .var "alu_control", 3 0;
v0000024fc009ca70_0 .net "funct", 5 0, L_0000024fc01b1e30;  1 drivers
E_0000024fc00a5e20 .event anyedge, v0000024fc009c750_0, v0000024fc009ca70_0;
S_0000024fc006faa0 .scope module, "ALUSrcMux" "Mux2to1" 3 524, 3 364 0, S_0000024fc006f780;
 .timescale 0 0;
    .port_info 0 /INPUT 32 "in0";
    .port_info 1 /INPUT 32 "in1";
    .port_info 2 /INPUT 1 "sel";
    .port_info 3 /OUTPUT 32 "out";
P_0000024fc00a58a0 .param/l "WIDTH" 0 3 364, +C4<00000000000000000000000000100000>;
v0000024fc009c7f0_0 .net "in0", 31 0, L_0000024fc01b1c50;  alias, 1 drivers
v0000024fc009c890_0 .net "in1", 31 0, L_0000024fc0154b40;  alias, 1 drivers
v0000024fc009c9d0_0 .net "out", 31 0, L_0000024fc01b28d0;  alias, 1 drivers
v0000024fc009cb10_0 .net "sel", 0 0, v0000024fc006e9a0_0;  alias, 1 drivers
L_0000024fc01b28d0 .functor MUXZ 32, L_0000024fc01b1c50, L_0000024fc0154b40, v0000024fc006e9a0_0, C4<>;
S_0000024fc00d6e10 .scope module, "ALUUnit" "ALU" 3 539, 3 115 0, S_0000024fc006f780;
 .timescale 0 0;
    .port_info 0 /INPUT 32 "OperandA";
    .port_info 1 /INPUT 32 "OperandB";
    .port_info 2 /INPUT 4 "alu_control";
    .port_info 3 /OUTPUT 32 "result";
    .port_info 4 /OUTPUT 1 "zero";
v0000024fc009cd90_0 .net "OperandA", 31 0, L_0000024fc01b1930;  alias, 1 drivers
v0000024fc009ce30_0 .net "OperandB", 31 0, L_0000024fc01b28d0;  alias, 1 drivers
L_0000024fc0156da8 .functor BUFT 1, C4<00000000000000000000000000000000>, C4<0>, C4<0>, C4<0>;
v0000024fc009d010_0 .net/2u *"_ivl_0", 31 0, L_0000024fc0156da8;  1 drivers
v0000024fc009d1f0_0 .net "alu_control", 3 0, v0000024fc009d6f0_0;  alias, 1 drivers
v0000024fc009d290_0 .var "result", 31 0;
v0000024fc009d330_0 .net "zero", 0 0, L_0000024fc01b0c10;  alias, 1 drivers
E_0000024fc00a5ce0 .event anyedge, v0000024fc009d6f0_0, v0000024fc009cd90_0, v0000024fc009c9d0_0;
L_0000024fc01b0c10 .cmp/eq 32, v0000024fc009d290_0, L_0000024fc0156da8;
S_0000024fc003fac0 .scope module, "CU" "ControlUnit" 3 452, 3 154 0, S_0000024fc006f780;
 .timescale 0 0;
    .port_info 0 /INPUT 6 "opcode";
    .port_info 1 /OUTPUT 1 "RegDst";
    .port_info 2 /OUTPUT 1 "ALUSrc";
    .port_info 3 /OUTPUT 1 "MemtoReg";
    .port_info 4 /OUTPUT 1 "RegWrite";
    .port_info 5 /OUTPUT 1 "MemRead";
    .port_info 6 /OUTPUT 1 "MemWrite";
    .port_info 7 /OUTPUT 1 "Branch";
    .port_info 8 /OUTPUT 3 "ALUOp";
v0000024fc006e900_0 .var "ALUOp", 2 0;
v0000024fc006e9a0_0 .var "ALUSrc", 0 0;
v0000024fc0138c90_0 .var "Branch", 0 0;
v0000024fc0139550_0 .var "MemRead", 0 0;
v0000024fc0138dd0_0 .var "MemWrite", 0 0;
v0000024fc0138830_0 .var "MemtoReg", 0 0;
v0000024fc0138f10_0 .var "RegDst", 0 0;
v0000024fc0138bf0_0 .var "RegWrite", 0 0;
v0000024fc0139b90_0 .net "opcode", 5 0, L_0000024fc0154780;  1 drivers
E_0000024fc00a5da0 .event anyedge, v0000024fc0139b90_0;
S_0000024fc003fc50 .scope module, "DataMem" "DataMemory" 3 548, 3 331 0, S_0000024fc006f780;
 .timescale 0 0;
    .port_info 0 /INPUT 1 "clk";
    .port_info 1 /INPUT 1 "mem_read";
    .port_info 2 /INPUT 1 "mem_write";
    .port_info 3 /INPUT 32 "addr";
    .port_info 4 /INPUT 32 "write_data";
    .port_info 5 /OUTPUT 32 "read_data";
v0000024fc0138470_0 .net "addr", 31 0, v0000024fc009d290_0;  alias, 1 drivers
v0000024fc0138970_0 .net "clk", 0 0, v0000024fc01552c0_0;  alias, 1 drivers
v0000024fc0139eb0_0 .net "mem_read", 0 0, v0000024fc0139550_0;  alias, 1 drivers
v0000024fc0139f50_0 .net "mem_write", 0 0, v0000024fc0138dd0_0;  alias, 1 drivers
v0000024fc0139730 .array "memory", 1023 0, 31 0;
v0000024fc0138330_0 .var "read_data", 31 0;
v0000024fc0139910_0 .net "write_data", 31 0, L_0000024fc0155ea0;  alias, 1 drivers
E_0000024fc00a5f60 .event posedge, v0000024fc0138970_0;
v0000024fc0139730_0 .array/port v0000024fc0139730, 0;
v0000024fc0139730_1 .array/port v0000024fc0139730, 1;
E_0000024fc00a5960/0 .event anyedge, v0000024fc0139550_0, v0000024fc009d290_0, v0000024fc0139730_0, v0000024fc0139730_1;
v0000024fc0139730_2 .array/port v0000024fc0139730, 2;
v0000024fc0139730_3 .array/port v0000024fc0139730, 3;
v0000024fc0139730_4 .array/port v0000024fc0139730, 4;
v0000024fc0139730_5 .array/port v0000024fc0139730, 5;
E_0000024fc00a5960/1 .event anyedge, v0000024fc0139730_2, v0000024fc0139730_3, v0000024fc0139730_4, v0000024fc0139730_5;
v0000024fc0139730_6 .array/port v0000024fc0139730, 6;
v0000024fc0139730_7 .array/port v0000024fc0139730, 7;
v0000024fc0139730_8 .array/port v0000024fc0139730, 8;
v0000024fc0139730_9 .array/port v0000024fc0139730, 9;
E_0000024fc00a5960/2 .event anyedge, v0000024fc0139730_6, v0000024fc0139730_7, v0000024fc0139730_8, v0000024fc0139730_9;
v0000024fc0139730_10 .array/port v0000024fc0139730, 10;
v0000024fc0139730_11 .array/port v0000024fc0139730, 11;
v0000024fc0139730_12 .array/port v0000024fc0139730, 12;
v0000024fc0139730_13 .array/port v0000024fc0139730, 13;
E_0000024fc00a5960/3 .event anyedge, v0000024fc0139730_10, v0000024fc0139730_11, v0000024fc0139730_12, v0000024fc0139730_13;
v0000024fc0139730_14 .array/port v0000024fc0139730, 14;
v0000024fc0139730_15 .array/port v0000024fc0139730, 15;
v0000024fc0139730_16 .array/port v0000024fc0139730, 16;
v0000024fc0139730_17 .array/port v0000024fc0139730, 17;
E_0000024fc00a5960/4 .event anyedge, v0000024fc0139730_14, v0000024fc0139730_15, v0000024fc0139730_16, v0000024fc0139730_17;
v0000024fc0139730_18 .array/port v0000024fc0139730, 18;
v0000024fc0139730_19 .array/port v0000024fc0139730, 19;
v0000024fc0139730_20 .array/port v0000024fc0139730, 20;
v0000024fc0139730_21 .array/port v0000024fc0139730, 21;
E_0000024fc00a5960/5 .event anyedge, v0000024fc0139730_18, v0000024fc0139730_19, v0000024fc0139730_20, v0000024fc0139730_21;
v0000024fc0139730_22 .array/port v0000024fc0139730, 22;
v0000024fc0139730_23 .array/port v0000024fc0139730, 23;
v0000024fc0139730_24 .array/port v0000024fc0139730, 24;
v0000024fc0139730_25 .array/port v0000024fc0139730, 25;
E_0000024fc00a5960/6 .event anyedge, v0000024fc0139730_22, v0000024fc0139730_23, v0000024fc0139730_24, v0000024fc0139730_25;
v0000024fc0139730_26 .array/port v0000024fc0139730, 26;
v0000024fc0139730_27 .array/port v0000024fc0139730, 27;
v0000024fc0139730_28 .array/port v0000024fc0139730, 28;
v0000024fc0139730_29 .array/port v0000024fc0139730, 29;
E_0000024fc00a5960/7 .event anyedge, v0000024fc0139730_26, v0000024fc0139730_27, v0000024fc0139730_28, v0000024fc0139730_29;
v0000024fc0139730_30 .array/port v0000024fc0139730, 30;
v0000024fc0139730_31 .array/port v0000024fc0139730, 31;
v0000024fc0139730_32 .array/port v0000024fc0139730, 32;
v0000024fc0139730_33 .array/port v0000024fc0139730, 33;
E_0000024fc00a5960/8 .event anyedge, v0000024fc0139730_30, v0000024fc0139730_31, v0000024fc0139730_32, v0000024fc0139730_33;
v0000024fc0139730_34 .array/port v0000024fc0139730, 34;
v0000024fc0139730_35 .array/port v0000024fc0139730, 35;
v0000024fc0139730_36 .array/port v0000024fc0139730, 36;
v0000024fc0139730_37 .array/port v0000024fc0139730, 37;
E_0000024fc00a5960/9 .event anyedge, v0000024fc0139730_34, v0000024fc0139730_35, v0000024fc0139730_36, v0000024fc0139730_37;
v0000024fc0139730_38 .array/port v0000024fc0139730, 38;
v0000024fc0139730_39 .array/port v0000024fc0139730, 39;
v0000024fc0139730_40 .array/port v0000024fc0139730, 40;
v0000024fc0139730_41 .array/port v0000024fc0139730, 41;
E_0000024fc00a5960/10 .event anyedge, v0000024fc0139730_38, v0000024fc0139730_39, v0000024fc0139730_40, v0000024fc0139730_41;
v0000024fc0139730_42 .array/port v0000024fc0139730, 42;
v0000024fc0139730_43 .array/port v0000024fc0139730, 43;
v0000024fc0139730_44 .array/port v0000024fc0139730, 44;
v0000024fc0139730_45 .array/port v0000024fc0139730, 45;
E_0000024fc00a5960/11 .event anyedge, v0000024fc0139730_42, v0000024fc0139730_43, v0000024fc0139730_44, v0000024fc0139730_45;
v0000024fc0139730_46 .array/port v0000024fc0139730, 46;
v0000024fc0139730_47 .array/port v0000024fc0139730, 47;
v0000024fc0139730_48 .array/port v0000024fc0139730, 48;
v0000024fc0139730_49 .array/port v0000024fc0139730, 49;
E_0000024fc00a5960/12 .event anyedge, v0000024fc0139730_46, v0000024fc0139730_47, v0000024fc0139730_48, v0000024fc0139730_49;
v0000024fc0139730_50 .array/port v0000024fc0139730, 50;
v0000024fc0139730_51 .array/port v0000024fc0139730, 51;
v0000024fc0139730_52 .array/port v0000024fc0139730, 52;
v0000024fc0139730_53 .array/port v0000024fc0139730, 53;
E_0000024fc00a5960/13 .event anyedge, v0000024fc0139730_50, v0000024fc0139730_51, v0000024fc0139730_52, v0000024fc0139730_53;
v0000024fc0139730_54 .array/port v0000024fc0139730, 54;
v0000024fc0139730_55 .array/port v0000024fc0139730, 55;
v0000024fc0139730_56 .array/port v0000024fc0139730, 56;
v0000024fc0139730_57 .array/port v0000024fc0139730, 57;
E_0000024fc00a5960/14 .event anyedge, v0000024fc0139730_54, v0000024fc0139730_55, v0000024fc0139730_56, v0000024fc0139730_57;
v0000024fc0139730_58 .array/port v0000024fc0139730, 58;
v0000024fc0139730_59 .array/port v0000024fc0139730, 59;
v0000024fc0139730_60 .array/port v0000024fc0139730, 60;
v0000024fc0139730_61 .array/port v0000024fc0139730, 61;
E_0000024fc00a5960/15 .event anyedge, v0000024fc0139730_58, v0000024fc0139730_59, v0000024fc0139730_60, v0000024fc0139730_61;
v0000024fc0139730_62 .array/port v0000024fc0139730, 62;
v0000024fc0139730_63 .array/port v0000024fc0139730, 63;
v0000024fc0139730_64 .array/port v0000024fc0139730, 64;
v0000024fc0139730_65 .array/port v0000024fc0139730, 65;
E_0000024fc00a5960/16 .event anyedge, v0000024fc0139730_62, v0000024fc0139730_63, v0000024fc0139730_64, v0000024fc0139730_65;
v0000024fc0139730_66 .array/port v0000024fc0139730, 66;
v0000024fc0139730_67 .array/port v0000024fc0139730, 67;
v0000024fc0139730_68 .array/port v0000024fc0139730, 68;
v0000024fc0139730_69 .array/port v0000024fc0139730, 69;
E_0000024fc00a5960/17 .event anyedge, v0000024fc0139730_66, v0000024fc0139730_67, v0000024fc0139730_68, v0000024fc0139730_69;
v0000024fc0139730_70 .array/port v0000024fc0139730, 70;
v0000024fc0139730_71 .array/port v0000024fc0139730, 71;
v0000024fc0139730_72 .array/port v0000024fc0139730, 72;
v0000024fc0139730_73 .array/port v0000024fc0139730, 73;
E_0000024fc00a5960/18 .event anyedge, v0000024fc0139730_70, v0000024fc0139730_71, v0000024fc0139730_72, v0000024fc0139730_73;
v0000024fc0139730_74 .array/port v0000024fc0139730, 74;
v0000024fc0139730_75 .array/port v0000024fc0139730, 75;
v0000024fc0139730_76 .array/port v0000024fc0139730, 76;
v0000024fc0139730_77 .array/port v0000024fc0139730, 77;
E_0000024fc00a5960/19 .event anyedge, v0000024fc0139730_74, v0000024fc0139730_75, v0000024fc0139730_76, v0000024fc0139730_77;
v0000024fc0139730_78 .array/port v0000024fc0139730, 78;
v0000024fc0139730_79 .array/port v0000024fc0139730, 79;
v0000024fc0139730_80 .array/port v0000024fc0139730, 80;
v0000024fc0139730_81 .array/port v0000024fc0139730, 81;
E_0000024fc00a5960/20 .event anyedge, v0000024fc0139730_78, v0000024fc0139730_79, v0000024fc0139730_80, v0000024fc0139730_81;
v0000024fc0139730_82 .array/port v0000024fc0139730, 82;
v0000024fc0139730_83 .array/port v0000024fc0139730, 83;
v0000024fc0139730_84 .array/port v0000024fc0139730, 84;
v0000024fc0139730_85 .array/port v0000024fc0139730, 85;
E_0000024fc00a5960/21 .event anyedge, v0000024fc0139730_82, v0000024fc0139730_83, v0000024fc0139730_84, v0000024fc0139730_85;
v0000024fc0139730_86 .array/port v0000024fc0139730, 86;
v0000024fc0139730_87 .array/port v0000024fc0139730, 87;
v0000024fc0139730_88 .array/port v0000024fc0139730, 88;
v0000024fc0139730_89 .array/port v0000024fc0139730, 89;
E_0000024fc00a5960/22 .event anyedge, v0000024fc0139730_86, v0000024fc0139730_87, v0000024fc0139730_88, v0000024fc0139730_89;
v0000024fc0139730_90 .array/port v0000024fc0139730, 90;
v0000024fc0139730_91 .array/port v0000024fc0139730, 91;
v0000024fc0139730_92 .array/port v0000024fc0139730, 92;
v0000024fc0139730_93 .array/port v0000024fc0139730, 93;
E_0000024fc00a5960/23 .event anyedge, v0000024fc0139730_90, v0000024fc0139730_91, v0000024fc0139730_92, v0000024fc0139730_93;
v0000024fc0139730_94 .array/port v0000024fc0139730, 94;
v0000024fc0139730_95 .array/port v0000024fc0139730, 95;
v0000024fc0139730_96 .array/port v0000024fc0139730, 96;
v0000024fc0139730_97 .array/port v0000024fc0139730, 97;
E_0000024fc00a5960/24 .event anyedge, v0000024fc0139730_94, v0000024fc0139730_95, v0000024fc0139730_96, v0000024fc0139730_97;
v0000024fc0139730_98 .array/port v0000024fc0139730, 98;
v0000024fc0139730_99 .array/port v0000024fc0139730, 99;
v0000024fc0139730_100 .array/port v0000024fc0139730, 100;
v0000024fc0139730_101 .array/port v0000024fc0139730, 101;
E_0000024fc00a5960/25 .event anyedge, v0000024fc0139730_98, v0000024fc0139730_99, v0000024fc0139730_100, v0000024fc0139730_101;
v0000024fc0139730_102 .array/port v0000024fc0139730, 102;
v0000024fc0139730_103 .array/port v0000024fc0139730, 103;
v0000024fc0139730_104 .array/port v0000024fc0139730, 104;
v0000024fc0139730_105 .array/port v0000024fc0139730, 105;
E_0000024fc00a5960/26 .event anyedge, v0000024fc0139730_102, v0000024fc0139730_103, v0000024fc0139730_104, v0000024fc0139730_105;
v0000024fc0139730_106 .array/port v0000024fc0139730, 106;
v0000024fc0139730_107 .array/port v0000024fc0139730, 107;
v0000024fc0139730_108 .array/port v0000024fc0139730, 108;
v0000024fc0139730_109 .array/port v0000024fc0139730, 109;
E_0000024fc00a5960/27 .event anyedge, v0000024fc0139730_106, v0000024fc0139730_107, v0000024fc0139730_108, v0000024fc0139730_109;
v0000024fc0139730_110 .array/port v0000024fc0139730, 110;
v0000024fc0139730_111 .array/port v0000024fc0139730, 111;
v0000024fc0139730_112 .array/port v0000024fc0139730, 112;
v0000024fc0139730_113 .array/port v0000024fc0139730, 113;
E_0000024fc00a5960/28 .event anyedge, v0000024fc0139730_110, v0000024fc0139730_111, v0000024fc0139730_112, v0000024fc0139730_113;
v0000024fc0139730_114 .array/port v0000024fc0139730, 114;
v0000024fc0139730_115 .array/port v0000024fc0139730, 115;
v0000024fc0139730_116 .array/port v0000024fc0139730, 116;
v0000024fc0139730_117 .array/port v0000024fc0139730, 117;
E_0000024fc00a5960/29 .event anyedge, v0000024fc0139730_114, v0000024fc0139730_115, v0000024fc0139730_116, v0000024fc0139730_117;
v0000024fc0139730_118 .array/port v0000024fc0139730, 118;
v0000024fc0139730_119 .array/port v0000024fc0139730, 119;
v0000024fc0139730_120 .array/port v0000024fc0139730, 120;
v0000024fc0139730_121 .array/port v0000024fc0139730, 121;
E_0000024fc00a5960/30 .event anyedge, v0000024fc0139730_118, v0000024fc0139730_119, v0000024fc0139730_120, v0000024fc0139730_121;
v0000024fc0139730_122 .array/port v0000024fc0139730, 122;
v0000024fc0139730_123 .array/port v0000024fc0139730, 123;
v0000024fc0139730_124 .array/port v0000024fc0139730, 124;
v0000024fc0139730_125 .array/port v0000024fc0139730, 125;
E_0000024fc00a5960/31 .event anyedge, v0000024fc0139730_122, v0000024fc0139730_123, v0000024fc0139730_124, v0000024fc0139730_125;
v0000024fc0139730_126 .array/port v0000024fc0139730, 126;
v0000024fc0139730_127 .array/port v0000024fc0139730, 127;
v0000024fc0139730_128 .array/port v0000024fc0139730, 128;
v0000024fc0139730_129 .array/port v0000024fc0139730, 129;
E_0000024fc00a5960/32 .event anyedge, v0000024fc0139730_126, v0000024fc0139730_127, v0000024fc0139730_128, v0000024fc0139730_129;
v0000024fc0139730_130 .array/port v0000024fc0139730, 130;
v0000024fc0139730_131 .array/port v0000024fc0139730, 131;
v0000024fc0139730_132 .array/port v0000024fc0139730, 132;
v0000024fc0139730_133 .array/port v0000024fc0139730, 133;
E_0000024fc00a5960/33 .event anyedge, v0000024fc0139730_130, v0000024fc0139730_131, v0000024fc0139730_132, v0000024fc0139730_133;
v0000024fc0139730_134 .array/port v0000024fc0139730, 134;
v0000024fc0139730_135 .array/port v0000024fc0139730, 135;
v0000024fc0139730_136 .array/port v0000024fc0139730, 136;
v0000024fc0139730_137 .array/port v0000024fc0139730, 137;
E_0000024fc00a5960/34 .event anyedge, v0000024fc0139730_134, v0000024fc0139730_135, v0000024fc0139730_136, v0000024fc0139730_137;
v0000024fc0139730_138 .array/port v0000024fc0139730, 138;
v0000024fc0139730_139 .array/port v0000024fc0139730, 139;
v0000024fc0139730_140 .array/port v0000024fc0139730, 140;
v0000024fc0139730_141 .array/port v0000024fc0139730, 141;
E_0000024fc00a5960/35 .event anyedge, v0000024fc0139730_138, v0000024fc0139730_139, v0000024fc0139730_140, v0000024fc0139730_141;
v0000024fc0139730_142 .array/port v0000024fc0139730, 142;
v0000024fc0139730_143 .array/port v0000024fc0139730, 143;
v0000024fc0139730_144 .array/port v0000024fc0139730, 144;
v0000024fc0139730_145 .array/port v0000024fc0139730, 145;
E_0000024fc00a5960/36 .event anyedge, v0000024fc0139730_142, v0000024fc0139730_143, v0000024fc0139730_144, v0000024fc0139730_145;
v0000024fc0139730_146 .array/port v0000024fc0139730, 146;
v0000024fc0139730_147 .array/port v0000024fc0139730, 147;
v0000024fc0139730_148 .array/port v0000024fc0139730, 148;
v0000024fc0139730_149 .array/port v0000024fc0139730, 149;
E_0000024fc00a5960/37 .event anyedge, v0000024fc0139730_146, v0000024fc0139730_147, v0000024fc0139730_148, v0000024fc0139730_149;
v0000024fc0139730_150 .array/port v0000024fc0139730, 150;
v0000024fc0139730_151 .array/port v0000024fc0139730, 151;
v0000024fc0139730_152 .array/port v0000024fc0139730, 152;
v0000024fc0139730_153 .array/port v0000024fc0139730, 153;
E_0000024fc00a5960/38 .event anyedge, v0000024fc0139730_150, v0000024fc0139730_151, v0000024fc0139730_152, v0000024fc0139730_153;
v0000024fc0139730_154 .array/port v0000024fc0139730, 154;
v0000024fc0139730_155 .array/port v0000024fc0139730, 155;
v0000024fc0139730_156 .array/port v0000024fc0139730, 156;
v0000024fc0139730_157 .array/port v0000024fc0139730, 157;
E_0000024fc00a5960/39 .event anyedge, v0000024fc0139730_154, v0000024fc0139730_155, v0000024fc0139730_156, v0000024fc0139730_157;
v0000024fc0139730_158 .array/port v0000024fc0139730, 158;
v0000024fc0139730_159 .array/port v0000024fc0139730, 159;
v0000024fc0139730_160 .array/port v0000024fc0139730, 160;
v0000024fc0139730_161 .array/port v0000024fc0139730, 161;
E_0000024fc00a5960/40 .event anyedge, v0000024fc0139730_158, v0000024fc0139730_159, v0000024fc0139730_160, v0000024fc0139730_161;
v0000024fc0139730_162 .array/port v0000024fc0139730, 162;
v0000024fc0139730_163 .array/port v0000024fc0139730, 163;
v0000024fc0139730_164 .array/port v0000024fc0139730, 164;
v0000024fc0139730_165 .array/port v0000024fc0139730, 165;
E_0000024fc00a5960/41 .event anyedge, v0000024fc0139730_162, v0000024fc0139730_163, v0000024fc0139730_164, v0000024fc0139730_165;
v0000024fc0139730_166 .array/port v0000024fc0139730, 166;
v0000024fc0139730_167 .array/port v0000024fc0139730, 167;
v0000024fc0139730_168 .array/port v0000024fc0139730, 168;
v0000024fc0139730_169 .array/port v0000024fc0139730, 169;
E_0000024fc00a5960/42 .event anyedge, v0000024fc0139730_166, v0000024fc0139730_167, v0000024fc0139730_168, v0000024fc0139730_169;
v0000024fc0139730_170 .array/port v0000024fc0139730, 170;
v0000024fc0139730_171 .array/port v0000024fc0139730, 171;
v0000024fc0139730_172 .array/port v0000024fc0139730, 172;
v0000024fc0139730_173 .array/port v0000024fc0139730, 173;
E_0000024fc00a5960/43 .event anyedge, v0000024fc0139730_170, v0000024fc0139730_171, v0000024fc0139730_172, v0000024fc0139730_173;
v0000024fc0139730_174 .array/port v0000024fc0139730, 174;
v0000024fc0139730_175 .array/port v0000024fc0139730, 175;
v0000024fc0139730_176 .array/port v0000024fc0139730, 176;
v0000024fc0139730_177 .array/port v0000024fc0139730, 177;
E_0000024fc00a5960/44 .event anyedge, v0000024fc0139730_174, v0000024fc0139730_175, v0000024fc0139730_176, v0000024fc0139730_177;
v0000024fc0139730_178 .array/port v0000024fc0139730, 178;
v0000024fc0139730_179 .array/port v0000024fc0139730, 179;
v0000024fc0139730_180 .array/port v0000024fc0139730, 180;
v0000024fc0139730_181 .array/port v0000024fc0139730, 181;
E_0000024fc00a5960/45 .event anyedge, v0000024fc0139730_178, v0000024fc0139730_179, v0000024fc0139730_180, v0000024fc0139730_181;
v0000024fc0139730_182 .array/port v0000024fc0139730, 182;
v0000024fc0139730_183 .array/port v0000024fc0139730, 183;
v0000024fc0139730_184 .array/port v0000024fc0139730, 184;
v0000024fc0139730_185 .array/port v0000024fc0139730, 185;
E_0000024fc00a5960/46 .event anyedge, v0000024fc0139730_182, v0000024fc0139730_183, v0000024fc0139730_184, v0000024fc0139730_185;
v0000024fc0139730_186 .array/port v0000024fc0139730, 186;
v0000024fc0139730_187 .array/port v0000024fc0139730, 187;
v0000024fc0139730_188 .array/port v0000024fc0139730, 188;
v0000024fc0139730_189 .array/port v0000024fc0139730, 189;
E_0000024fc00a5960/47 .event anyedge, v0000024fc0139730_186, v0000024fc0139730_187, v0000024fc0139730_188, v0000024fc0139730_189;
v0000024fc0139730_190 .array/port v0000024fc0139730, 190;
v0000024fc0139730_191 .array/port v0000024fc0139730, 191;
v0000024fc0139730_192 .array/port v0000024fc0139730, 192;
v0000024fc0139730_193 .array/port v0000024fc0139730, 193;
E_0000024fc00a5960/48 .event anyedge, v0000024fc0139730_190, v0000024fc0139730_191, v0000024fc0139730_192, v0000024fc0139730_193;
v0000024fc0139730_194 .array/port v0000024fc0139730, 194;
v0000024fc0139730_195 .array/port v0000024fc0139730, 195;
v0000024fc0139730_196 .array/port v0000024fc0139730, 196;
v0000024fc0139730_197 .array/port v0000024fc0139730, 197;
E_0000024fc00a5960/49 .event anyedge, v0000024fc0139730_194, v0000024fc0139730_195, v0000024fc0139730_196, v0000024fc0139730_197;
v0000024fc0139730_198 .array/port v0000024fc0139730, 198;
v0000024fc0139730_199 .array/port v0000024fc0139730, 199;
v0000024fc0139730_200 .array/port v0000024fc0139730, 200;
v0000024fc0139730_201 .array/port v0000024fc0139730, 201;
E_0000024fc00a5960/50 .event anyedge, v0000024fc0139730_198, v0000024fc0139730_199, v0000024fc0139730_200, v0000024fc0139730_201;
v0000024fc0139730_202 .array/port v0000024fc0139730, 202;
v0000024fc0139730_203 .array/port v0000024fc0139730, 203;
v0000024fc0139730_204 .array/port v0000024fc0139730, 204;
v0000024fc0139730_205 .array/port v0000024fc0139730, 205;
E_0000024fc00a5960/51 .event anyedge, v0000024fc0139730_202, v0000024fc0139730_203, v0000024fc0139730_204, v0000024fc0139730_205;
v0000024fc0139730_206 .array/port v0000024fc0139730, 206;
v0000024fc0139730_207 .array/port v0000024fc0139730, 207;
v0000024fc0139730_208 .array/port v0000024fc0139730, 208;
v0000024fc0139730_209 .array/port v0000024fc0139730, 209;
E_0000024fc00a5960/52 .event anyedge, v0000024fc0139730_206, v0000024fc0139730_207, v0000024fc0139730_208, v0000024fc0139730_209;
v0000024fc0139730_210 .array/port v0000024fc0139730, 210;
v0000024fc0139730_211 .array/port v0000024fc0139730, 211;
v0000024fc0139730_212 .array/port v0000024fc0139730, 212;
v0000024fc0139730_213 .array/port v0000024fc0139730, 213;
E_0000024fc00a5960/53 .event anyedge, v0000024fc0139730_210, v0000024fc0139730_211, v0000024fc0139730_212, v0000024fc0139730_213;
v0000024fc0139730_214 .array/port v0000024fc0139730, 214;
v0000024fc0139730_215 .array/port v0000024fc0139730, 215;
v0000024fc0139730_216 .array/port v0000024fc0139730, 216;
v0000024fc0139730_217 .array/port v0000024fc0139730, 217;
E_0000024fc00a5960/54 .event anyedge, v0000024fc0139730_214, v0000024fc0139730_215, v0000024fc0139730_216, v0000024fc0139730_217;
v0000024fc0139730_218 .array/port v0000024fc0139730, 218;
v0000024fc0139730_219 .array/port v0000024fc0139730, 219;
v0000024fc0139730_220 .array/port v0000024fc0139730, 220;
v0000024fc0139730_221 .array/port v0000024fc0139730, 221;
E_0000024fc00a5960/55 .event anyedge, v0000024fc0139730_218, v0000024fc0139730_219, v0000024fc0139730_220, v0000024fc0139730_221;
v0000024fc0139730_222 .array/port v0000024fc0139730, 222;
v0000024fc0139730_223 .array/port v0000024fc0139730, 223;
v0000024fc0139730_224 .array/port v0000024fc0139730, 224;
v0000024fc0139730_225 .array/port v0000024fc0139730, 225;
E_0000024fc00a5960/56 .event anyedge, v0000024fc0139730_222, v0000024fc0139730_223, v0000024fc0139730_224, v0000024fc0139730_225;
v0000024fc0139730_226 .array/port v0000024fc0139730, 226;
v0000024fc0139730_227 .array/port v0000024fc0139730, 227;
v0000024fc0139730_228 .array/port v0000024fc0139730, 228;
v0000024fc0139730_229 .array/port v0000024fc0139730, 229;
E_0000024fc00a5960/57 .event anyedge, v0000024fc0139730_226, v0000024fc0139730_227, v0000024fc0139730_228, v0000024fc0139730_229;
v0000024fc0139730_230 .array/port v0000024fc0139730, 230;
v0000024fc0139730_231 .array/port v0000024fc0139730, 231;
v0000024fc0139730_232 .array/port v0000024fc0139730, 232;
v0000024fc0139730_233 .array/port v0000024fc0139730, 233;
E_0000024fc00a5960/58 .event anyedge, v0000024fc0139730_230, v0000024fc0139730_231, v0000024fc0139730_232, v0000024fc0139730_233;
v0000024fc0139730_234 .array/port v0000024fc0139730, 234;
v0000024fc0139730_235 .array/port v0000024fc0139730, 235;
v0000024fc0139730_236 .array/port v0000024fc0139730, 236;
v0000024fc0139730_237 .array/port v0000024fc0139730, 237;
E_0000024fc00a5960/59 .event anyedge, v0000024fc0139730_234, v0000024fc0139730_235, v0000024fc0139730_236, v0000024fc0139730_237;
v0000024fc0139730_238 .array/port v0000024fc0139730, 238;
v0000024fc0139730_239 .array/port v0000024fc0139730, 239;
v0000024fc0139730_240 .array/port v0000024fc0139730, 240;
v0000024fc0139730_241 .array/port v0000024fc0139730, 241;
E_0000024fc00a5960/60 .event anyedge, v0000024fc0139730_238, v0000024fc0139730_239, v0000024fc0139730_240, v0000024fc0139730_241;
v0000024fc0139730_242 .array/port v0000024fc0139730, 242;
v0000024fc0139730_243 .array/port v0000024fc0139730, 243;
v0000024fc0139730_244 .array/port v0000024fc0139730, 244;
v0000024fc0139730_245 .array/port v0000024fc0139730, 245;
E_0000024fc00a5960/61 .event anyedge, v0000024fc0139730_242, v0000024fc0139730_243, v0000024fc0139730_244, v0000024fc0139730_245;
v0000024fc0139730_246 .array/port v0000024fc0139730, 246;
v0000024fc0139730_247 .array/port v0000024fc0139730, 247;
v0000024fc0139730_248 .array/port v0000024fc0139730, 248;
v0000024fc0139730_249 .array/port v0000024fc0139730, 249;
E_0000024fc00a5960/62 .event anyedge, v0000024fc0139730_246, v0000024fc0139730_247, v0000024fc0139730_248, v0000024fc0139730_249;
v0000024fc0139730_250 .array/port v0000024fc0139730, 250;
v0000024fc0139730_251 .array/port v0000024fc0139730, 251;
v0000024fc0139730_252 .array/port v0000024fc0139730, 252;
v0000024fc0139730_253 .array/port v0000024fc0139730, 253;
E_0000024fc00a5960/63 .event anyedge, v0000024fc0139730_250, v0000024fc0139730_251, v0000024fc0139730_252, v0000024fc0139730_253;
v0000024fc0139730_254 .array/port v0000024fc0139730, 254;
v0000024fc0139730_255 .array/port v0000024fc0139730, 255;
v0000024fc0139730_256 .array/port v0000024fc0139730, 256;
v0000024fc0139730_257 .array/port v0000024fc0139730, 257;
E_0000024fc00a5960/64 .event anyedge, v0000024fc0139730_254, v0000024fc0139730_255, v0000024fc0139730_256, v0000024fc0139730_257;
v0000024fc0139730_258 .array/port v0000024fc0139730, 258;
v0000024fc0139730_259 .array/port v0000024fc0139730, 259;
v0000024fc0139730_260 .array/port v0000024fc0139730, 260;
v0000024fc0139730_261 .array/port v0000024fc0139730, 261;
E_0000024fc00a5960/65 .event anyedge, v0000024fc0139730_258, v0000024fc0139730_259, v0000024fc0139730_260, v0000024fc0139730_261;
v0000024fc0139730_262 .array/port v0000024fc0139730, 262;
v0000024fc0139730_263 .array/port v0000024fc0139730, 263;
v0000024fc0139730_264 .array/port v0000024fc0139730, 264;
v0000024fc0139730_265 .array/port v0000024fc0139730, 265;
E_0000024fc00a5960/66 .event anyedge, v0000024fc0139730_262, v0000024fc0139730_263, v0000024fc0139730_264, v0000024fc0139730_265;
v0000024fc0139730_266 .array/port v0000024fc0139730, 266;
v0000024fc0139730_267 .array/port v0000024fc0139730, 267;
v0000024fc0139730_268 .array/port v0000024fc0139730, 268;
v0000024fc0139730_269 .array/port v0000024fc0139730, 269;
E_0000024fc00a5960/67 .event anyedge, v0000024fc0139730_266, v0000024fc0139730_267, v0000024fc0139730_268, v0000024fc0139730_269;
v0000024fc0139730_270 .array/port v0000024fc0139730, 270;
v0000024fc0139730_271 .array/port v0000024fc0139730, 271;
v0000024fc0139730_272 .array/port v0000024fc0139730, 272;
v0000024fc0139730_273 .array/port v0000024fc0139730, 273;
E_0000024fc00a5960/68 .event anyedge, v0000024fc0139730_270, v0000024fc0139730_271, v0000024fc0139730_272, v0000024fc0139730_273;
v0000024fc0139730_274 .array/port v0000024fc0139730, 274;
v0000024fc0139730_275 .array/port v0000024fc0139730, 275;
v0000024fc0139730_276 .array/port v0000024fc0139730, 276;
v0000024fc0139730_277 .array/port v0000024fc0139730, 277;
E_0000024fc00a5960/69 .event anyedge, v0000024fc0139730_274, v0000024fc0139730_275, v0000024fc0139730_276, v0000024fc0139730_277;
v0000024fc0139730_278 .array/port v0000024fc0139730, 278;
v0000024fc0139730_279 .array/port v0000024fc0139730, 279;
v0000024fc0139730_280 .array/port v0000024fc0139730, 280;
v0000024fc0139730_281 .array/port v0000024fc0139730, 281;
E_0000024fc00a5960/70 .event anyedge, v0000024fc0139730_278, v0000024fc0139730_279, v0000024fc0139730_280, v0000024fc0139730_281;
v0000024fc0139730_282 .array/port v0000024fc0139730, 282;
v0000024fc0139730_283 .array/port v0000024fc0139730, 283;
v0000024fc0139730_284 .array/port v0000024fc0139730, 284;
v0000024fc0139730_285 .array/port v0000024fc0139730, 285;
E_0000024fc00a5960/71 .event anyedge, v0000024fc0139730_282, v0000024fc0139730_283, v0000024fc0139730_284, v0000024fc0139730_285;
v0000024fc0139730_286 .array/port v0000024fc0139730, 286;
v0000024fc0139730_287 .array/port v0000024fc0139730, 287;
v0000024fc0139730_288 .array/port v0000024fc0139730, 288;
v0000024fc0139730_289 .array/port v0000024fc0139730, 289;
E_0000024fc00a5960/72 .event anyedge, v0000024fc0139730_286, v0000024fc0139730_287, v0000024fc0139730_288, v0000024fc0139730_289;
v0000024fc0139730_290 .array/port v0000024fc0139730, 290;
v0000024fc0139730_291 .array/port v0000024fc0139730, 291;
v0000024fc0139730_292 .array/port v0000024fc0139730, 292;
v0000024fc0139730_293 .array/port v0000024fc0139730, 293;
E_0000024fc00a5960/73 .event anyedge, v0000024fc0139730_290, v0000024fc0139730_291, v0000024fc0139730_292, v0000024fc0139730_293;
v0000024fc0139730_294 .array/port v0000024fc0139730, 294;
v0000024fc0139730_295 .array/port v0000024fc0139730, 295;
v0000024fc0139730_296 .array/port v0000024fc0139730, 296;
v0000024fc0139730_297 .array/port v0000024fc0139730, 297;
E_0000024fc00a5960/74 .event anyedge, v0000024fc0139730_294, v0000024fc0139730_295, v0000024fc0139730_296, v0000024fc0139730_297;
v0000024fc0139730_298 .array/port v0000024fc0139730, 298;
v0000024fc0139730_299 .array/port v0000024fc0139730, 299;
v0000024fc0139730_300 .array/port v0000024fc0139730, 300;
v0000024fc0139730_301 .array/port v0000024fc0139730, 301;
E_0000024fc00a5960/75 .event anyedge, v0000024fc0139730_298, v0000024fc0139730_299, v0000024fc0139730_300, v0000024fc0139730_301;
v0000024fc0139730_302 .array/port v0000024fc0139730, 302;
v0000024fc0139730_303 .array/port v0000024fc0139730, 303;
v0000024fc0139730_304 .array/port v0000024fc0139730, 304;
v0000024fc0139730_305 .array/port v0000024fc0139730, 305;
E_0000024fc00a5960/76 .event anyedge, v0000024fc0139730_302, v0000024fc0139730_303, v0000024fc0139730_304, v0000024fc0139730_305;
v0000024fc0139730_306 .array/port v0000024fc0139730, 306;
v0000024fc0139730_307 .array/port v0000024fc0139730, 307;
v0000024fc0139730_308 .array/port v0000024fc0139730, 308;
v0000024fc0139730_309 .array/port v0000024fc0139730, 309;
E_0000024fc00a5960/77 .event anyedge, v0000024fc0139730_306, v0000024fc0139730_307, v0000024fc0139730_308, v0000024fc0139730_309;
v0000024fc0139730_310 .array/port v0000024fc0139730, 310;
v0000024fc0139730_311 .array/port v0000024fc0139730, 311;
v0000024fc0139730_312 .array/port v0000024fc0139730, 312;
v0000024fc0139730_313 .array/port v0000024fc0139730, 313;
E_0000024fc00a5960/78 .event anyedge, v0000024fc0139730_310, v0000024fc0139730_311, v0000024fc0139730_312, v0000024fc0139730_313;
v0000024fc0139730_314 .array/port v0000024fc0139730, 314;
v0000024fc0139730_315 .array/port v0000024fc0139730, 315;
v0000024fc0139730_316 .array/port v0000024fc0139730, 316;
v0000024fc0139730_317 .array/port v0000024fc0139730, 317;
E_0000024fc00a5960/79 .event anyedge, v0000024fc0139730_314, v0000024fc0139730_315, v0000024fc0139730_316, v0000024fc0139730_317;
v0000024fc0139730_318 .array/port v0000024fc0139730, 318;
v0000024fc0139730_319 .array/port v0000024fc0139730, 319;
v0000024fc0139730_320 .array/port v0000024fc0139730, 320;
v0000024fc0139730_321 .array/port v0000024fc0139730, 321;
E_0000024fc00a5960/80 .event anyedge, v0000024fc0139730_318, v0000024fc0139730_319, v0000024fc0139730_320, v0000024fc0139730_321;
v0000024fc0139730_322 .array/port v0000024fc0139730, 322;
v0000024fc0139730_323 .array/port v0000024fc0139730, 323;
v0000024fc0139730_324 .array/port v0000024fc0139730, 324;
v0000024fc0139730_325 .array/port v0000024fc0139730, 325;
E_0000024fc00a5960/81 .event anyedge, v0000024fc0139730_322, v0000024fc0139730_323, v0000024fc0139730_324, v0000024fc0139730_325;
v0000024fc0139730_326 .array/port v0000024fc0139730, 326;
v0000024fc0139730_327 .array/port v0000024fc0139730, 327;
v0000024fc0139730_328 .array/port v0000024fc0139730, 328;
v0000024fc0139730_329 .array/port v0000024fc0139730, 329;
E_0000024fc00a5960/82 .event anyedge, v0000024fc0139730_326, v0000024fc0139730_327, v0000024fc0139730_328, v0000024fc0139730_329;
v0000024fc0139730_330 .array/port v0000024fc0139730, 330;
v0000024fc0139730_331 .array/port v0000024fc0139730, 331;
v0000024fc0139730_332 .array/port v0000024fc0139730, 332;
v0000024fc0139730_333 .array/port v0000024fc0139730, 333;
E_0000024fc00a5960/83 .event anyedge, v0000024fc0139730_330, v0000024fc0139730_331, v0000024fc0139730_332, v0000024fc0139730_333;
v0000024fc0139730_334 .array/port v0000024fc0139730, 334;
v0000024fc0139730_335 .array/port v0000024fc0139730, 335;
v0000024fc0139730_336 .array/port v0000024fc0139730, 336;
v0000024fc0139730_337 .array/port v0000024fc0139730, 337;
E_0000024fc00a5960/84 .event anyedge, v0000024fc0139730_334, v0000024fc0139730_335, v0000024fc0139730_336, v0000024fc0139730_337;
v0000024fc0139730_338 .array/port v0000024fc0139730, 338;
v0000024fc0139730_339 .array/port v0000024fc0139730, 339;
v0000024fc0139730_340 .array/port v0000024fc0139730, 340;
v0000024fc0139730_341 .array/port v0000024fc0139730, 341;
E_0000024fc00a5960/85 .event anyedge, v0000024fc0139730_338, v0000024fc0139730_339, v0000024fc0139730_340, v0000024fc0139730_341;
v0000024fc0139730_342 .array/port v0000024fc0139730, 342;
v0000024fc0139730_343 .array/port v0000024fc0139730, 343;
v0000024fc0139730_344 .array/port v0000024fc0139730, 344;
v0000024fc0139730_345 .array/port v0000024fc0139730, 345;
E_0000024fc00a5960/86 .event anyedge, v0000024fc0139730_342, v0000024fc0139730_343, v0000024fc0139730_344, v0000024fc0139730_345;
v0000024fc0139730_346 .array/port v0000024fc0139730, 346;
v0000024fc0139730_347 .array/port v0000024fc0139730, 347;
v0000024fc0139730_348 .array/port v0000024fc0139730, 348;
v0000024fc0139730_349 .array/port v0000024fc0139730, 349;
E_0000024fc00a5960/87 .event anyedge, v0000024fc0139730_346, v0000024fc0139730_347, v0000024fc0139730_348, v0000024fc0139730_349;
v0000024fc0139730_350 .array/port v0000024fc0139730, 350;
v0000024fc0139730_351 .array/port v0000024fc0139730, 351;
v0000024fc0139730_352 .array/port v0000024fc0139730, 352;
v0000024fc0139730_353 .array/port v0000024fc0139730, 353;
E_0000024fc00a5960/88 .event anyedge, v0000024fc0139730_350, v0000024fc0139730_351, v0000024fc0139730_352, v0000024fc0139730_353;
v0000024fc0139730_354 .array/port v0000024fc0139730, 354;
v0000024fc0139730_355 .array/port v0000024fc0139730, 355;
v0000024fc0139730_356 .array/port v0000024fc0139730, 356;
v0000024fc0139730_357 .array/port v0000024fc0139730, 357;
E_0000024fc00a5960/89 .event anyedge, v0000024fc0139730_354, v0000024fc0139730_355, v0000024fc0139730_356, v0000024fc0139730_357;
v0000024fc0139730_358 .array/port v0000024fc0139730, 358;
v0000024fc0139730_359 .array/port v0000024fc0139730, 359;
v0000024fc0139730_360 .array/port v0000024fc0139730, 360;
v0000024fc0139730_361 .array/port v0000024fc0139730, 361;
E_0000024fc00a5960/90 .event anyedge, v0000024fc0139730_358, v0000024fc0139730_359, v0000024fc0139730_360, v0000024fc0139730_361;
v0000024fc0139730_362 .array/port v0000024fc0139730, 362;
v0000024fc0139730_363 .array/port v0000024fc0139730, 363;
v0000024fc0139730_364 .array/port v0000024fc0139730, 364;
v0000024fc0139730_365 .array/port v0000024fc0139730, 365;
E_0000024fc00a5960/91 .event anyedge, v0000024fc0139730_362, v0000024fc0139730_363, v0000024fc0139730_364, v0000024fc0139730_365;
v0000024fc0139730_366 .array/port v0000024fc0139730, 366;
v0000024fc0139730_367 .array/port v0000024fc0139730, 367;
v0000024fc0139730_368 .array/port v0000024fc0139730, 368;
v0000024fc0139730_369 .array/port v0000024fc0139730, 369;
E_0000024fc00a5960/92 .event anyedge, v0000024fc0139730_366, v0000024fc0139730_367, v0000024fc0139730_368, v0000024fc0139730_369;
v0000024fc0139730_370 .array/port v0000024fc0139730, 370;
v0000024fc0139730_371 .array/port v0000024fc0139730, 371;
v0000024fc0139730_372 .array/port v0000024fc0139730, 372;
v0000024fc0139730_373 .array/port v0000024fc0139730, 373;
E_0000024fc00a5960/93 .event anyedge, v0000024fc0139730_370, v0000024fc0139730_371, v0000024fc0139730_372, v0000024fc0139730_373;
v0000024fc0139730_374 .array/port v0000024fc0139730, 374;
v0000024fc0139730_375 .array/port v0000024fc0139730, 375;
v0000024fc0139730_376 .array/port v0000024fc0139730, 376;
v0000024fc0139730_377 .array/port v0000024fc0139730, 377;
E_0000024fc00a5960/94 .event anyedge, v0000024fc0139730_374, v0000024fc0139730_375, v0000024fc0139730_376, v0000024fc0139730_377;
v0000024fc0139730_378 .array/port v0000024fc0139730, 378;
v0000024fc0139730_379 .array/port v0000024fc0139730, 379;
v0000024fc0139730_380 .array/port v0000024fc0139730, 380;
v0000024fc0139730_381 .array/port v0000024fc0139730, 381;
E_0000024fc00a5960/95 .event anyedge, v0000024fc0139730_378, v0000024fc0139730_379, v0000024fc0139730_380, v0000024fc0139730_381;
v0000024fc0139730_382 .array/port v0000024fc0139730, 382;
v0000024fc0139730_383 .array/port v0000024fc0139730, 383;
v0000024fc0139730_384 .array/port v0000024fc0139730, 384;
v0000024fc0139730_385 .array/port v0000024fc0139730, 385;
E_0000024fc00a5960/96 .event anyedge, v0000024fc0139730_382, v0000024fc0139730_383, v0000024fc0139730_384, v0000024fc0139730_385;
v0000024fc0139730_386 .array/port v0000024fc0139730, 386;
v0000024fc0139730_387 .array/port v0000024fc0139730, 387;
v0000024fc0139730_388 .array/port v0000024fc0139730, 388;
v0000024fc0139730_389 .array/port v0000024fc0139730, 389;
E_0000024fc00a5960/97 .event anyedge, v0000024fc0139730_386, v0000024fc0139730_387, v0000024fc0139730_388, v0000024fc0139730_389;
v0000024fc0139730_390 .array/port v0000024fc0139730, 390;
v0000024fc0139730_391 .array/port v0000024fc0139730, 391;
v0000024fc0139730_392 .array/port v0000024fc0139730, 392;
v0000024fc0139730_393 .array/port v0000024fc0139730, 393;
E_0000024fc00a5960/98 .event anyedge, v0000024fc0139730_390, v0000024fc0139730_391, v0000024fc0139730_392, v0000024fc0139730_393;
v0000024fc0139730_394 .array/port v0000024fc0139730, 394;
v0000024fc0139730_395 .array/port v0000024fc0139730, 395;
v0000024fc0139730_396 .array/port v0000024fc0139730, 396;
v0000024fc0139730_397 .array/port v0000024fc0139730, 397;
E_0000024fc00a5960/99 .event anyedge, v0000024fc0139730_394, v0000024fc0139730_395, v0000024fc0139730_396, v0000024fc0139730_397;
v0000024fc0139730_398 .array/port v0000024fc0139730, 398;
v0000024fc0139730_399 .array/port v0000024fc0139730, 399;
v0000024fc0139730_400 .array/port v0000024fc0139730, 400;
v0000024fc0139730_401 .array/port v0000024fc0139730, 401;
E_0000024fc00a5960/100 .event anyedge, v0000024fc0139730_398, v0000024fc0139730_399, v0000024fc0139730_400, v0000024fc0139730_401;
v0000024fc0139730_402 .array/port v0000024fc0139730, 402;
v0000024fc0139730_403 .array/port v0000024fc0139730, 403;
v0000024fc0139730_404 .array/port v0000024fc0139730, 404;
v0000024fc0139730_405 .array/port v0000024fc0139730, 405;
E_0000024fc00a5960/101 .event anyedge, v0000024fc0139730_402, v0000024fc0139730_403, v0000024fc0139730_404, v0000024fc0139730_405;
v0000024fc0139730_406 .array/port v0000024fc0139730, 406;
v0000024fc0139730_407 .array/port v0000024fc0139730, 407;
v0000024fc0139730_408 .array/port v0000024fc0139730, 408;
v0000024fc0139730_409 .array/port v0000024fc0139730, 409;
E_0000024fc00a5960/102 .event anyedge, v0000024fc0139730_406, v0000024fc0139730_407, v0000024fc0139730_408, v0000024fc0139730_409;
v0000024fc0139730_410 .array/port v0000024fc0139730, 410;
v0000024fc0139730_411 .array/port v0000024fc0139730, 411;
v0000024fc0139730_412 .array/port v0000024fc0139730, 412;
v0000024fc0139730_413 .array/port v0000024fc0139730, 413;
E_0000024fc00a5960/103 .event anyedge, v0000024fc0139730_410, v0000024fc0139730_411, v0000024fc0139730_412, v0000024fc0139730_413;
v0000024fc0139730_414 .array/port v0000024fc0139730, 414;
v0000024fc0139730_415 .array/port v0000024fc0139730, 415;
v0000024fc0139730_416 .array/port v0000024fc0139730, 416;
v0000024fc0139730_417 .array/port v0000024fc0139730, 417;
E_0000024fc00a5960/104 .event anyedge, v0000024fc0139730_414, v0000024fc0139730_415, v0000024fc0139730_416, v0000024fc0139730_417;
v0000024fc0139730_418 .array/port v0000024fc0139730, 418;
v0000024fc0139730_419 .array/port v0000024fc0139730, 419;
v0000024fc0139730_420 .array/port v0000024fc0139730, 420;
v0000024fc0139730_421 .array/port v0000024fc0139730, 421;
E_0000024fc00a5960/105 .event anyedge, v0000024fc0139730_418, v0000024fc0139730_419, v0000024fc0139730_420, v0000024fc0139730_421;
v0000024fc0139730_422 .array/port v0000024fc0139730, 422;
v0000024fc0139730_423 .array/port v0000024fc0139730, 423;
v0000024fc0139730_424 .array/port v0000024fc0139730, 424;
v0000024fc0139730_425 .array/port v0000024fc0139730, 425;
E_0000024fc00a5960/106 .event anyedge, v0000024fc0139730_422, v0000024fc0139730_423, v0000024fc0139730_424, v0000024fc0139730_425;
v0000024fc0139730_426 .array/port v0000024fc0139730, 426;
v0000024fc0139730_427 .array/port v0000024fc0139730, 427;
v0000024fc0139730_428 .array/port v0000024fc0139730, 428;
v0000024fc0139730_429 .array/port v0000024fc0139730, 429;
E_0000024fc00a5960/107 .event anyedge, v0000024fc0139730_426, v0000024fc0139730_427, v0000024fc0139730_428, v0000024fc0139730_429;
v0000024fc0139730_430 .array/port v0000024fc0139730, 430;
v0000024fc0139730_431 .array/port v0000024fc0139730, 431;
v0000024fc0139730_432 .array/port v0000024fc0139730, 432;
v0000024fc0139730_433 .array/port v0000024fc0139730, 433;
E_0000024fc00a5960/108 .event anyedge, v0000024fc0139730_430, v0000024fc0139730_431, v0000024fc0139730_432, v0000024fc0139730_433;
v0000024fc0139730_434 .array/port v0000024fc0139730, 434;
v0000024fc0139730_435 .array/port v0000024fc0139730, 435;
v0000024fc0139730_436 .array/port v0000024fc0139730, 436;
v0000024fc0139730_437 .array/port v0000024fc0139730, 437;
E_0000024fc00a5960/109 .event anyedge, v0000024fc0139730_434, v0000024fc0139730_435, v0000024fc0139730_436, v0000024fc0139730_437;
v0000024fc0139730_438 .array/port v0000024fc0139730, 438;
v0000024fc0139730_439 .array/port v0000024fc0139730, 439;
v0000024fc0139730_440 .array/port v0000024fc0139730, 440;
v0000024fc0139730_441 .array/port v0000024fc0139730, 441;
E_0000024fc00a5960/110 .event anyedge, v0000024fc0139730_438, v0000024fc0139730_439, v0000024fc0139730_440, v0000024fc0139730_441;
v0000024fc0139730_442 .array/port v0000024fc0139730, 442;
v0000024fc0139730_443 .array/port v0000024fc0139730, 443;
v0000024fc0139730_444 .array/port v0000024fc0139730, 444;
v0000024fc0139730_445 .array/port v0000024fc0139730, 445;
E_0000024fc00a5960/111 .event anyedge, v0000024fc0139730_442, v0000024fc0139730_443, v0000024fc0139730_444, v0000024fc0139730_445;
v0000024fc0139730_446 .array/port v0000024fc0139730, 446;
v0000024fc0139730_447 .array/port v0000024fc0139730, 447;
v0000024fc0139730_448 .array/port v0000024fc0139730, 448;
v0000024fc0139730_449 .array/port v0000024fc0139730, 449;
E_0000024fc00a5960/112 .event anyedge, v0000024fc0139730_446, v0000024fc0139730_447, v0000024fc0139730_448, v0000024fc0139730_449;
v0000024fc0139730_450 .array/port v0000024fc0139730, 450;
v0000024fc0139730_451 .array/port v0000024fc0139730, 451;
v0000024fc0139730_452 .array/port v0000024fc0139730, 452;
v0000024fc0139730_453 .array/port v0000024fc0139730, 453;
E_0000024fc00a5960/113 .event anyedge, v0000024fc0139730_450, v0000024fc0139730_451, v0000024fc0139730_452, v0000024fc0139730_453;
v0000024fc0139730_454 .array/port v0000024fc0139730, 454;
v0000024fc0139730_455 .array/port v0000024fc0139730, 455;
v0000024fc0139730_456 .array/port v0000024fc0139730, 456;
v0000024fc0139730_457 .array/port v0000024fc0139730, 457;
E_0000024fc00a5960/114 .event anyedge, v0000024fc0139730_454, v0000024fc0139730_455, v0000024fc0139730_456, v0000024fc0139730_457;
v0000024fc0139730_458 .array/port v0000024fc0139730, 458;
v0000024fc0139730_459 .array/port v0000024fc0139730, 459;
v0000024fc0139730_460 .array/port v0000024fc0139730, 460;
v0000024fc0139730_461 .array/port v0000024fc0139730, 461;
E_0000024fc00a5960/115 .event anyedge, v0000024fc0139730_458, v0000024fc0139730_459, v0000024fc0139730_460, v0000024fc0139730_461;
v0000024fc0139730_462 .array/port v0000024fc0139730, 462;
v0000024fc0139730_463 .array/port v0000024fc0139730, 463;
v0000024fc0139730_464 .array/port v0000024fc0139730, 464;
v0000024fc0139730_465 .array/port v0000024fc0139730, 465;
E_0000024fc00a5960/116 .event anyedge, v0000024fc0139730_462, v0000024fc0139730_463, v0000024fc0139730_464, v0000024fc0139730_465;
v0000024fc0139730_466 .array/port v0000024fc0139730, 466;
v0000024fc0139730_467 .array/port v0000024fc0139730, 467;
v0000024fc0139730_468 .array/port v0000024fc0139730, 468;
v0000024fc0139730_469 .array/port v0000024fc0139730, 469;
E_0000024fc00a5960/117 .event anyedge, v0000024fc0139730_466, v0000024fc0139730_467, v0000024fc0139730_468, v0000024fc0139730_469;
v0000024fc0139730_470 .array/port v0000024fc0139730, 470;
v0000024fc0139730_471 .array/port v0000024fc0139730, 471;
v0000024fc0139730_472 .array/port v0000024fc0139730, 472;
v0000024fc0139730_473 .array/port v0000024fc0139730, 473;
E_0000024fc00a5960/118 .event anyedge, v0000024fc0139730_470, v0000024fc0139730_471, v0000024fc0139730_472, v0000024fc0139730_473;
v0000024fc0139730_474 .array/port v0000024fc0139730, 474;
v0000024fc0139730_475 .array/port v0000024fc0139730, 475;
v0000024fc0139730_476 .array/port v0000024fc0139730, 476;
v0000024fc0139730_477 .array/port v0000024fc0139730, 477;
E_0000024fc00a5960/119 .event anyedge, v0000024fc0139730_474, v0000024fc0139730_475, v0000024fc0139730_476, v0000024fc0139730_477;
v0000024fc0139730_478 .array/port v0000024fc0139730, 478;
v0000024fc0139730_479 .array/port v0000024fc0139730, 479;
v0000024fc0139730_480 .array/port v0000024fc0139730, 480;
v0000024fc0139730_481 .array/port v0000024fc0139730, 481;
E_0000024fc00a5960/120 .event anyedge, v0000024fc0139730_478, v0000024fc0139730_479, v0000024fc0139730_480, v0000024fc0139730_481;
v0000024fc0139730_482 .array/port v0000024fc0139730, 482;
v0000024fc0139730_483 .array/port v0000024fc0139730, 483;
v0000024fc0139730_484 .array/port v0000024fc0139730, 484;
v0000024fc0139730_485 .array/port v0000024fc0139730, 485;
E_0000024fc00a5960/121 .event anyedge, v0000024fc0139730_482, v0000024fc0139730_483, v0000024fc0139730_484, v0000024fc0139730_485;
v0000024fc0139730_486 .array/port v0000024fc0139730, 486;
v0000024fc0139730_487 .array/port v0000024fc0139730, 487;
v0000024fc0139730_488 .array/port v0000024fc0139730, 488;
v0000024fc0139730_489 .array/port v0000024fc0139730, 489;
E_0000024fc00a5960/122 .event anyedge, v0000024fc0139730_486, v0000024fc0139730_487, v0000024fc0139730_488, v0000024fc0139730_489;
v0000024fc0139730_490 .array/port v0000024fc0139730, 490;
v0000024fc0139730_491 .array/port v0000024fc0139730, 491;
v0000024fc0139730_492 .array/port v0000024fc0139730, 492;
v0000024fc0139730_493 .array/port v0000024fc0139730, 493;
E_0000024fc00a5960/123 .event anyedge, v0000024fc0139730_490, v0000024fc0139730_491, v0000024fc0139730_492, v0000024fc0139730_493;
v0000024fc0139730_494 .array/port v0000024fc0139730, 494;
v0000024fc0139730_495 .array/port v0000024fc0139730, 495;
v0000024fc0139730_496 .array/port v0000024fc0139730, 496;
v0000024fc0139730_497 .array/port v0000024fc0139730, 497;
E_0000024fc00a5960/124 .event anyedge, v0000024fc0139730_494, v0000024fc0139730_495, v0000024fc0139730_496, v0000024fc0139730_497;
v0000024fc0139730_498 .array/port v0000024fc0139730, 498;
v0000024fc0139730_499 .array/port v0000024fc0139730, 499;
v0000024fc0139730_500 .array/port v0000024fc0139730, 500;
v0000024fc0139730_501 .array/port v0000024fc0139730, 501;
E_0000024fc00a5960/125 .event anyedge, v0000024fc0139730_498, v0000024fc0139730_499, v0000024fc0139730_500, v0000024fc0139730_501;
v0000024fc0139730_502 .array/port v0000024fc0139730, 502;
v0000024fc0139730_503 .array/port v0000024fc0139730, 503;
v0000024fc0139730_504 .array/port v0000024fc0139730, 504;
v0000024fc0139730_505 .array/port v0000024fc0139730, 505;
E_0000024fc00a5960/126 .event anyedge, v0000024fc0139730_502, v0000024fc0139730_503, v0000024fc0139730_504, v0000024fc0139730_505;
v0000024fc0139730_506 .array/port v0000024fc0139730, 506;
v0000024fc0139730_507 .array/port v0000024fc0139730, 507;
v0000024fc0139730_508 .array/port v0000024fc0139730, 508;
v0000024fc0139730_509 .array/port v0000024fc0139730, 509;
E_0000024fc00a5960/127 .event anyedge, v0000024fc0139730_506, v0000024fc0139730_507, v0000024fc0139730_508, v0000024fc0139730_509;
v0000024fc0139730_510 .array/port v0000024fc0139730, 510;
v0000024fc0139730_511 .array/port v0000024fc0139730, 511;
v0000024fc0139730_512 .array/port v0000024fc0139730, 512;
v0000024fc0139730_513 .array/port v0000024fc0139730, 513;
E_0000024fc00a5960/128 .event anyedge, v0000024fc0139730_510, v0000024fc0139730_511, v0000024fc0139730_512, v0000024fc0139730_513;
v0000024fc0139730_514 .array/port v0000024fc0139730, 514;
v0000024fc0139730_515 .array/port v0000024fc0139730, 515;
v0000024fc0139730_516 .array/port v0000024fc0139730, 516;
v0000024fc0139730_517 .array/port v0000024fc0139730, 517;
E_0000024fc00a5960/129 .event anyedge, v0000024fc0139730_514, v0000024fc0139730_515, v0000024fc0139730_516, v0000024fc0139730_517;
v0000024fc0139730_518 .array/port v0000024fc0139730, 518;
v0000024fc0139730_519 .array/port v0000024fc0139730, 519;
v0000024fc0139730_520 .array/port v0000024fc0139730, 520;
v0000024fc0139730_521 .array/port v0000024fc0139730, 521;
E_0000024fc00a5960/130 .event anyedge, v0000024fc0139730_518, v0000024fc0139730_519, v0000024fc0139730_520, v0000024fc0139730_521;
v0000024fc0139730_522 .array/port v0000024fc0139730, 522;
v0000024fc0139730_523 .array/port v0000024fc0139730, 523;
v0000024fc0139730_524 .array/port v0000024fc0139730, 524;
v0000024fc0139730_525 .array/port v0000024fc0139730, 525;
E_0000024fc00a5960/131 .event anyedge, v0000024fc0139730_522, v0000024fc0139730_523, v0000024fc0139730_524, v0000024fc0139730_525;
v0000024fc0139730_526 .array/port v0000024fc0139730, 526;
v0000024fc0139730_527 .array/port v0000024fc0139730, 527;
v0000024fc0139730_528 .array/port v0000024fc0139730, 528;
v0000024fc0139730_529 .array/port v0000024fc0139730, 529;
E_0000024fc00a5960/132 .event anyedge, v0000024fc0139730_526, v0000024fc0139730_527, v0000024fc0139730_528, v0000024fc0139730_529;
v0000024fc0139730_530 .array/port v0000024fc0139730, 530;
v0000024fc0139730_531 .array/port v0000024fc0139730, 531;
v0000024fc0139730_532 .array/port v0000024fc0139730, 532;
v0000024fc0139730_533 .array/port v0000024fc0139730, 533;
E_0000024fc00a5960/133 .event anyedge, v0000024fc0139730_530, v0000024fc0139730_531, v0000024fc0139730_532, v0000024fc0139730_533;
v0000024fc0139730_534 .array/port v0000024fc0139730, 534;
v0000024fc0139730_535 .array/port v0000024fc0139730, 535;
v0000024fc0139730_536 .array/port v0000024fc0139730, 536;
v0000024fc0139730_537 .array/port v0000024fc0139730, 537;
E_0000024fc00a5960/134 .event anyedge, v0000024fc0139730_534, v0000024fc0139730_535, v0000024fc0139730_536, v0000024fc0139730_537;
v0000024fc0139730_538 .array/port v0000024fc0139730, 538;
v0000024fc0139730_539 .array/port v0000024fc0139730, 539;
v0000024fc0139730_540 .array/port v0000024fc0139730, 540;
v0000024fc0139730_541 .array/port v0000024fc0139730, 541;
E_0000024fc00a5960/135 .event anyedge, v0000024fc0139730_538, v0000024fc0139730_539, v0000024fc0139730_540, v0000024fc0139730_541;
v0000024fc0139730_542 .array/port v0000024fc0139730, 542;
v0000024fc0139730_543 .array/port v0000024fc0139730, 543;
v0000024fc0139730_544 .array/port v0000024fc0139730, 544;
v0000024fc0139730_545 .array/port v0000024fc0139730, 545;
E_0000024fc00a5960/136 .event anyedge, v0000024fc0139730_542, v0000024fc0139730_543, v0000024fc0139730_544, v0000024fc0139730_545;
v0000024fc0139730_546 .array/port v0000024fc0139730, 546;
v0000024fc0139730_547 .array/port v0000024fc0139730, 547;
v0000024fc0139730_548 .array/port v0000024fc0139730, 548;
v0000024fc0139730_549 .array/port v0000024fc0139730, 549;
E_0000024fc00a5960/137 .event anyedge, v0000024fc0139730_546, v0000024fc0139730_547, v0000024fc0139730_548, v0000024fc0139730_549;
v0000024fc0139730_550 .array/port v0000024fc0139730, 550;
v0000024fc0139730_551 .array/port v0000024fc0139730, 551;
v0000024fc0139730_552 .array/port v0000024fc0139730, 552;
v0000024fc0139730_553 .array/port v0000024fc0139730, 553;
E_0000024fc00a5960/138 .event anyedge, v0000024fc0139730_550, v0000024fc0139730_551, v0000024fc0139730_552, v0000024fc0139730_553;
v0000024fc0139730_554 .array/port v0000024fc0139730, 554;
v0000024fc0139730_555 .array/port v0000024fc0139730, 555;
v0000024fc0139730_556 .array/port v0000024fc0139730, 556;
v0000024fc0139730_557 .array/port v0000024fc0139730, 557;
E_0000024fc00a5960/139 .event anyedge, v0000024fc0139730_554, v0000024fc0139730_555, v0000024fc0139730_556, v0000024fc0139730_557;
v0000024fc0139730_558 .array/port v0000024fc0139730, 558;
v0000024fc0139730_559 .array/port v0000024fc0139730, 559;
v0000024fc0139730_560 .array/port v0000024fc0139730, 560;
v0000024fc0139730_561 .array/port v0000024fc0139730, 561;
E_0000024fc00a5960/140 .event anyedge, v0000024fc0139730_558, v0000024fc0139730_559, v0000024fc0139730_560, v0000024fc0139730_561;
v0000024fc0139730_562 .array/port v0000024fc0139730, 562;
v0000024fc0139730_563 .array/port v0000024fc0139730, 563;
v0000024fc0139730_564 .array/port v0000024fc0139730, 564;
v0000024fc0139730_565 .array/port v0000024fc0139730, 565;
E_0000024fc00a5960/141 .event anyedge, v0000024fc0139730_562, v0000024fc0139730_563, v0000024fc0139730_564, v0000024fc0139730_565;
v0000024fc0139730_566 .array/port v0000024fc0139730, 566;
v0000024fc0139730_567 .array/port v0000024fc0139730, 567;
v0000024fc0139730_568 .array/port v0000024fc0139730, 568;
v0000024fc0139730_569 .array/port v0000024fc0139730, 569;
E_0000024fc00a5960/142 .event anyedge, v0000024fc0139730_566, v0000024fc0139730_567, v0000024fc0139730_568, v0000024fc0139730_569;
v0000024fc0139730_570 .array/port v0000024fc0139730, 570;
v0000024fc0139730_571 .array/port v0000024fc0139730, 571;
v0000024fc0139730_572 .array/port v0000024fc0139730, 572;
v0000024fc0139730_573 .array/port v0000024fc0139730, 573;
E_0000024fc00a5960/143 .event anyedge, v0000024fc0139730_570, v0000024fc0139730_571, v0000024fc0139730_572, v0000024fc0139730_573;
v0000024fc0139730_574 .array/port v0000024fc0139730, 574;
v0000024fc0139730_575 .array/port v0000024fc0139730, 575;
v0000024fc0139730_576 .array/port v0000024fc0139730, 576;
v0000024fc0139730_577 .array/port v0000024fc0139730, 577;
E_0000024fc00a5960/144 .event anyedge, v0000024fc0139730_574, v0000024fc0139730_575, v0000024fc0139730_576, v0000024fc0139730_577;
v0000024fc0139730_578 .array/port v0000024fc0139730, 578;
v0000024fc0139730_579 .array/port v0000024fc0139730, 579;
v0000024fc0139730_580 .array/port v0000024fc0139730, 580;
v0000024fc0139730_581 .array/port v0000024fc0139730, 581;
E_0000024fc00a5960/145 .event anyedge, v0000024fc0139730_578, v0000024fc0139730_579, v0000024fc0139730_580, v0000024fc0139730_581;
v0000024fc0139730_582 .array/port v0000024fc0139730, 582;
v0000024fc0139730_583 .array/port v0000024fc0139730, 583;
v0000024fc0139730_584 .array/port v0000024fc0139730, 584;
v0000024fc0139730_585 .array/port v0000024fc0139730, 585;
E_0000024fc00a5960/146 .event anyedge, v0000024fc0139730_582, v0000024fc0139730_583, v0000024fc0139730_584, v0000024fc0139730_585;
v0000024fc0139730_586 .array/port v0000024fc0139730, 586;
v0000024fc0139730_587 .array/port v0000024fc0139730, 587;
v0000024fc0139730_588 .array/port v0000024fc0139730, 588;
v0000024fc0139730_589 .array/port v0000024fc0139730, 589;
E_0000024fc00a5960/147 .event anyedge, v0000024fc0139730_586, v0000024fc0139730_587, v0000024fc0139730_588, v0000024fc0139730_589;
v0000024fc0139730_590 .array/port v0000024fc0139730, 590;
v0000024fc0139730_591 .array/port v0000024fc0139730, 591;
v0000024fc0139730_592 .array/port v0000024fc0139730, 592;
v0000024fc0139730_593 .array/port v0000024fc0139730, 593;
E_0000024fc00a5960/148 .event anyedge, v0000024fc0139730_590, v0000024fc0139730_591, v0000024fc0139730_592, v0000024fc0139730_593;
v0000024fc0139730_594 .array/port v0000024fc0139730, 594;
v0000024fc0139730_595 .array/port v0000024fc0139730, 595;
v0000024fc0139730_596 .array/port v0000024fc0139730, 596;
v0000024fc0139730_597 .array/port v0000024fc0139730, 597;
E_0000024fc00a5960/149 .event anyedge, v0000024fc0139730_594, v0000024fc0139730_595, v0000024fc0139730_596, v0000024fc0139730_597;
v0000024fc0139730_598 .array/port v0000024fc0139730, 598;
v0000024fc0139730_599 .array/port v0000024fc0139730, 599;
v0000024fc0139730_600 .array/port v0000024fc0139730, 600;
v0000024fc0139730_601 .array/port v0000024fc0139730, 601;
E_0000024fc00a5960/150 .event anyedge, v0000024fc0139730_598, v0000024fc0139730_599, v0000024fc0139730_600, v0000024fc0139730_601;
v0000024fc0139730_602 .array/port v0000024fc0139730, 602;
v0000024fc0139730_603 .array/port v0000024fc0139730, 603;
v0000024fc0139730_604 .array/port v0000024fc0139730, 604;
v0000024fc0139730_605 .array/port v0000024fc0139730, 605;
E_0000024fc00a5960/151 .event anyedge, v0000024fc0139730_602, v0000024fc0139730_603, v0000024fc0139730_604, v0000024fc0139730_605;
v0000024fc0139730_606 .array/port v0000024fc0139730, 606;
v0000024fc0139730_607 .array/port v0000024fc0139730, 607;
v0000024fc0139730_608 .array/port v0000024fc0139730, 608;
v0000024fc0139730_609 .array/port v0000024fc0139730, 609;
E_0000024fc00a5960/152 .event anyedge, v0000024fc0139730_606, v0000024fc0139730_607, v0000024fc0139730_608, v0000024fc0139730_609;
v0000024fc0139730_610 .array/port v0000024fc0139730, 610;
v0000024fc0139730_611 .array/port v0000024fc0139730, 611;
v0000024fc0139730_612 .array/port v0000024fc0139730, 612;
v0000024fc0139730_613 .array/port v0000024fc0139730, 613;
E_0000024fc00a5960/153 .event anyedge, v0000024fc0139730_610, v0000024fc0139730_611, v0000024fc0139730_612, v0000024fc0139730_613;
v0000024fc0139730_614 .array/port v0000024fc0139730, 614;
v0000024fc0139730_615 .array/port v0000024fc0139730, 615;
v0000024fc0139730_616 .array/port v0000024fc0139730, 616;
v0000024fc0139730_617 .array/port v0000024fc0139730, 617;
E_0000024fc00a5960/154 .event anyedge, v0000024fc0139730_614, v0000024fc0139730_615, v0000024fc0139730_616, v0000024fc0139730_617;
v0000024fc0139730_618 .array/port v0000024fc0139730, 618;
v0000024fc0139730_619 .array/port v0000024fc0139730, 619;
v0000024fc0139730_620 .array/port v0000024fc0139730, 620;
v0000024fc0139730_621 .array/port v0000024fc0139730, 621;
E_0000024fc00a5960/155 .event anyedge, v0000024fc0139730_618, v0000024fc0139730_619, v0000024fc0139730_620, v0000024fc0139730_621;
v0000024fc0139730_622 .array/port v0000024fc0139730, 622;
v0000024fc0139730_623 .array/port v0000024fc0139730, 623;
v0000024fc0139730_624 .array/port v0000024fc0139730, 624;
v0000024fc0139730_625 .array/port v0000024fc0139730, 625;
E_0000024fc00a5960/156 .event anyedge, v0000024fc0139730_622, v0000024fc0139730_623, v0000024fc0139730_624, v0000024fc0139730_625;
v0000024fc0139730_626 .array/port v0000024fc0139730, 626;
v0000024fc0139730_627 .array/port v0000024fc0139730, 627;
v0000024fc0139730_628 .array/port v0000024fc0139730, 628;
v0000024fc0139730_629 .array/port v0000024fc0139730, 629;
E_0000024fc00a5960/157 .event anyedge, v0000024fc0139730_626, v0000024fc0139730_627, v0000024fc0139730_628, v0000024fc0139730_629;
v0000024fc0139730_630 .array/port v0000024fc0139730, 630;
v0000024fc0139730_631 .array/port v0000024fc0139730, 631;
v0000024fc0139730_632 .array/port v0000024fc0139730, 632;
v0000024fc0139730_633 .array/port v0000024fc0139730, 633;
E_0000024fc00a5960/158 .event anyedge, v0000024fc0139730_630, v0000024fc0139730_631, v0000024fc0139730_632, v0000024fc0139730_633;
v0000024fc0139730_634 .array/port v0000024fc0139730, 634;
v0000024fc0139730_635 .array/port v0000024fc0139730, 635;
v0000024fc0139730_636 .array/port v0000024fc0139730, 636;
v0000024fc0139730_637 .array/port v0000024fc0139730, 637;
E_0000024fc00a5960/159 .event anyedge, v0000024fc0139730_634, v0000024fc0139730_635, v0000024fc0139730_636, v0000024fc0139730_637;
v0000024fc0139730_638 .array/port v0000024fc0139730, 638;
v0000024fc0139730_639 .array/port v0000024fc0139730, 639;
v0000024fc0139730_640 .array/port v0000024fc0139730, 640;
v0000024fc0139730_641 .array/port v0000024fc0139730, 641;
E_0000024fc00a5960/160 .event anyedge, v0000024fc0139730_638, v0000024fc0139730_639, v0000024fc0139730_640, v0000024fc0139730_641;
v0000024fc0139730_642 .array/port v0000024fc0139730, 642;
v0000024fc0139730_643 .array/port v0000024fc0139730, 643;
v0000024fc0139730_644 .array/port v0000024fc0139730, 644;
v0000024fc0139730_645 .array/port v0000024fc0139730, 645;
E_0000024fc00a5960/161 .event anyedge, v0000024fc0139730_642, v0000024fc0139730_643, v0000024fc0139730_644, v0000024fc0139730_645;
v0000024fc0139730_646 .array/port v0000024fc0139730, 646;
v0000024fc0139730_647 .array/port v0000024fc0139730, 647;
v0000024fc0139730_648 .array/port v0000024fc0139730, 648;
v0000024fc0139730_649 .array/port v0000024fc0139730, 649;
E_0000024fc00a5960/162 .event anyedge, v0000024fc0139730_646, v0000024fc0139730_647, v0000024fc0139730_648, v0000024fc0139730_649;
v0000024fc0139730_650 .array/port v0000024fc0139730, 650;
v0000024fc0139730_651 .array/port v0000024fc0139730, 651;
v0000024fc0139730_652 .array/port v0000024fc0139730, 652;
v0000024fc0139730_653 .array/port v0000024fc0139730, 653;
E_0000024fc00a5960/163 .event anyedge, v0000024fc0139730_650, v0000024fc0139730_651, v0000024fc0139730_652, v0000024fc0139730_653;
v0000024fc0139730_654 .array/port v0000024fc0139730, 654;
v0000024fc0139730_655 .array/port v0000024fc0139730, 655;
v0000024fc0139730_656 .array/port v0000024fc0139730, 656;
v0000024fc0139730_657 .array/port v0000024fc0139730, 657;
E_0000024fc00a5960/164 .event anyedge, v0000024fc0139730_654, v0000024fc0139730_655, v0000024fc0139730_656, v0000024fc0139730_657;
v0000024fc0139730_658 .array/port v0000024fc0139730, 658;
v0000024fc0139730_659 .array/port v0000024fc0139730, 659;
v0000024fc0139730_660 .array/port v0000024fc0139730, 660;
v0000024fc0139730_661 .array/port v0000024fc0139730, 661;
E_0000024fc00a5960/165 .event anyedge, v0000024fc0139730_658, v0000024fc0139730_659, v0000024fc0139730_660, v0000024fc0139730_661;
v0000024fc0139730_662 .array/port v0000024fc0139730, 662;
v0000024fc0139730_663 .array/port v0000024fc0139730, 663;
v0000024fc0139730_664 .array/port v0000024fc0139730, 664;
v0000024fc0139730_665 .array/port v0000024fc0139730, 665;
E_0000024fc00a5960/166 .event anyedge, v0000024fc0139730_662, v0000024fc0139730_663, v0000024fc0139730_664, v0000024fc0139730_665;
v0000024fc0139730_666 .array/port v0000024fc0139730, 666;
v0000024fc0139730_667 .array/port v0000024fc0139730, 667;
v0000024fc0139730_668 .array/port v0000024fc0139730, 668;
v0000024fc0139730_669 .array/port v0000024fc0139730, 669;
E_0000024fc00a5960/167 .event anyedge, v0000024fc0139730_666, v0000024fc0139730_667, v0000024fc0139730_668, v0000024fc0139730_669;
v0000024fc0139730_670 .array/port v0000024fc0139730, 670;
v0000024fc0139730_671 .array/port v0000024fc0139730, 671;
v0000024fc0139730_672 .array/port v0000024fc0139730, 672;
v0000024fc0139730_673 .array/port v0000024fc0139730, 673;
E_0000024fc00a5960/168 .event anyedge, v0000024fc0139730_670, v0000024fc0139730_671, v0000024fc0139730_672, v0000024fc0139730_673;
v0000024fc0139730_674 .array/port v0000024fc0139730, 674;
v0000024fc0139730_675 .array/port v0000024fc0139730, 675;
v0000024fc0139730_676 .array/port v0000024fc0139730, 676;
v0000024fc0139730_677 .array/port v0000024fc0139730, 677;
E_0000024fc00a5960/169 .event anyedge, v0000024fc0139730_674, v0000024fc0139730_675, v0000024fc0139730_676, v0000024fc0139730_677;
v0000024fc0139730_678 .array/port v0000024fc0139730, 678;
v0000024fc0139730_679 .array/port v0000024fc0139730, 679;
v0000024fc0139730_680 .array/port v0000024fc0139730, 680;
v0000024fc0139730_681 .array/port v0000024fc0139730, 681;
E_0000024fc00a5960/170 .event anyedge, v0000024fc0139730_678, v0000024fc0139730_679, v0000024fc0139730_680, v0000024fc0139730_681;
v0000024fc0139730_682 .array/port v0000024fc0139730, 682;
v0000024fc0139730_683 .array/port v0000024fc0139730, 683;
v0000024fc0139730_684 .array/port v0000024fc0139730, 684;
v0000024fc0139730_685 .array/port v0000024fc0139730, 685;
E_0000024fc00a5960/171 .event anyedge, v0000024fc0139730_682, v0000024fc0139730_683, v0000024fc0139730_684, v0000024fc0139730_685;
v0000024fc0139730_686 .array/port v0000024fc0139730, 686;
v0000024fc0139730_687 .array/port v0000024fc0139730, 687;
v0000024fc0139730_688 .array/port v0000024fc0139730, 688;
v0000024fc0139730_689 .array/port v0000024fc0139730, 689;
E_0000024fc00a5960/172 .event anyedge, v0000024fc0139730_686, v0000024fc0139730_687, v0000024fc0139730_688, v0000024fc0139730_689;
v0000024fc0139730_690 .array/port v0000024fc0139730, 690;
v0000024fc0139730_691 .array/port v0000024fc0139730, 691;
v0000024fc0139730_692 .array/port v0000024fc0139730, 692;
v0000024fc0139730_693 .array/port v0000024fc0139730, 693;
E_0000024fc00a5960/173 .event anyedge, v0000024fc0139730_690, v0000024fc0139730_691, v0000024fc0139730_692, v0000024fc0139730_693;
v0000024fc0139730_694 .array/port v0000024fc0139730, 694;
v0000024fc0139730_695 .array/port v0000024fc0139730, 695;
v0000024fc0139730_696 .array/port v0000024fc0139730, 696;
v0000024fc0139730_697 .array/port v0000024fc0139730, 697;
E_0000024fc00a5960/174 .event anyedge, v0000024fc0139730_694, v0000024fc0139730_695, v0000024fc0139730_696, v0000024fc0139730_697;
v0000024fc0139730_698 .array/port v0000024fc0139730, 698;
v0000024fc0139730_699 .array/port v0000024fc0139730, 699;
v0000024fc0139730_700 .array/port v0000024fc0139730, 700;
v0000024fc0139730_701 .array/port v0000024fc0139730, 701;
E_0000024fc00a5960/175 .event anyedge, v0000024fc0139730_698, v0000024fc0139730_699, v0000024fc0139730_700, v0000024fc0139730_701;
v0000024fc0139730_702 .array/port v0000024fc0139730, 702;
v0000024fc0139730_703 .array/port v0000024fc0139730, 703;
v0000024fc0139730_704 .array/port v0000024fc0139730, 704;
v0000024fc0139730_705 .array/port v0000024fc0139730, 705;
E_0000024fc00a5960/176 .event anyedge, v0000024fc0139730_702, v0000024fc0139730_703, v0000024fc0139730_704, v0000024fc0139730_705;
v0000024fc0139730_706 .array/port v0000024fc0139730, 706;
v0000024fc0139730_707 .array/port v0000024fc0139730, 707;
v0000024fc0139730_708 .array/port v0000024fc0139730, 708;
v0000024fc0139730_709 .array/port v0000024fc0139730, 709;
E_0000024fc00a5960/177 .event anyedge, v0000024fc0139730_706, v0000024fc0139730_707, v0000024fc0139730_708, v0000024fc0139730_709;
v0000024fc0139730_710 .array/port v0000024fc0139730, 710;
v0000024fc0139730_711 .array/port v0000024fc0139730, 711;
v0000024fc0139730_712 .array/port v0000024fc0139730, 712;
v0000024fc0139730_713 .array/port v0000024fc0139730, 713;
E_0000024fc00a5960/178 .event anyedge, v0000024fc0139730_710, v0000024fc0139730_711, v0000024fc0139730_712, v0000024fc0139730_713;
v0000024fc0139730_714 .array/port v0000024fc0139730, 714;
v0000024fc0139730_715 .array/port v0000024fc0139730, 715;
v0000024fc0139730_716 .array/port v0000024fc0139730, 716;
v0000024fc0139730_717 .array/port v0000024fc0139730, 717;
E_0000024fc00a5960/179 .event anyedge, v0000024fc0139730_714, v0000024fc0139730_715, v0000024fc0139730_716, v0000024fc0139730_717;
v0000024fc0139730_718 .array/port v0000024fc0139730, 718;
v0000024fc0139730_719 .array/port v0000024fc0139730, 719;
v0000024fc0139730_720 .array/port v0000024fc0139730, 720;
v0000024fc0139730_721 .array/port v0000024fc0139730, 721;
E_0000024fc00a5960/180 .event anyedge, v0000024fc0139730_718, v0000024fc0139730_719, v0000024fc0139730_720, v0000024fc0139730_721;
v0000024fc0139730_722 .array/port v0000024fc0139730, 722;
v0000024fc0139730_723 .array/port v0000024fc0139730, 723;
v0000024fc0139730_724 .array/port v0000024fc0139730, 724;
v0000024fc0139730_725 .array/port v0000024fc0139730, 725;
E_0000024fc00a5960/181 .event anyedge, v0000024fc0139730_722, v0000024fc0139730_723, v0000024fc0139730_724, v0000024fc0139730_725;
v0000024fc0139730_726 .array/port v0000024fc0139730, 726;
v0000024fc0139730_727 .array/port v0000024fc0139730, 727;
v0000024fc0139730_728 .array/port v0000024fc0139730, 728;
v0000024fc0139730_729 .array/port v0000024fc0139730, 729;
E_0000024fc00a5960/182 .event anyedge, v0000024fc0139730_726, v0000024fc0139730_727, v0000024fc0139730_728, v0000024fc0139730_729;
v0000024fc0139730_730 .array/port v0000024fc0139730, 730;
v0000024fc0139730_731 .array/port v0000024fc0139730, 731;
v0000024fc0139730_732 .array/port v0000024fc0139730, 732;
v0000024fc0139730_733 .array/port v0000024fc0139730, 733;
E_0000024fc00a5960/183 .event anyedge, v0000024fc0139730_730, v0000024fc0139730_731, v0000024fc0139730_732, v0000024fc0139730_733;
v0000024fc0139730_734 .array/port v0000024fc0139730, 734;
v0000024fc0139730_735 .array/port v0000024fc0139730, 735;
v0000024fc0139730_736 .array/port v0000024fc0139730, 736;
v0000024fc0139730_737 .array/port v0000024fc0139730, 737;
E_0000024fc00a5960/184 .event anyedge, v0000024fc0139730_734, v0000024fc0139730_735, v0000024fc0139730_736, v0000024fc0139730_737;
v0000024fc0139730_738 .array/port v0000024fc0139730, 738;
v0000024fc0139730_739 .array/port v0000024fc0139730, 739;
v0000024fc0139730_740 .array/port v0000024fc0139730, 740;
v0000024fc0139730_741 .array/port v0000024fc0139730, 741;
E_0000024fc00a5960/185 .event anyedge, v0000024fc0139730_738, v0000024fc0139730_739, v0000024fc0139730_740, v0000024fc0139730_741;
v0000024fc0139730_742 .array/port v0000024fc0139730, 742;
v0000024fc0139730_743 .array/port v0000024fc0139730, 743;
v0000024fc0139730_744 .array/port v0000024fc0139730, 744;
v0000024fc0139730_745 .array/port v0000024fc0139730, 745;
E_0000024fc00a5960/186 .event anyedge, v0000024fc0139730_742, v0000024fc0139730_743, v0000024fc0139730_744, v0000024fc0139730_745;
v0000024fc0139730_746 .array/port v0000024fc0139730, 746;
v0000024fc0139730_747 .array/port v0000024fc0139730, 747;
v0000024fc0139730_748 .array/port v0000024fc0139730, 748;
v0000024fc0139730_749 .array/port v0000024fc0139730, 749;
E_0000024fc00a5960/187 .event anyedge, v0000024fc0139730_746, v0000024fc0139730_747, v0000024fc0139730_748, v0000024fc0139730_749;
v0000024fc0139730_750 .array/port v0000024fc0139730, 750;
v0000024fc0139730_751 .array/port v0000024fc0139730, 751;
v0000024fc0139730_752 .array/port v0000024fc0139730, 752;
v0000024fc0139730_753 .array/port v0000024fc0139730, 753;
E_0000024fc00a5960/188 .event anyedge, v0000024fc0139730_750, v0000024fc0139730_751, v0000024fc0139730_752, v0000024fc0139730_753;
v0000024fc0139730_754 .array/port v0000024fc0139730, 754;
v0000024fc0139730_755 .array/port v0000024fc0139730, 755;
v0000024fc0139730_756 .array/port v0000024fc0139730, 756;
v0000024fc0139730_757 .array/port v0000024fc0139730, 757;
E_0000024fc00a5960/189 .event anyedge, v0000024fc0139730_754, v0000024fc0139730_755, v0000024fc0139730_756, v0000024fc0139730_757;
v0000024fc0139730_758 .array/port v0000024fc0139730, 758;
v0000024fc0139730_759 .array/port v0000024fc0139730, 759;
v0000024fc0139730_760 .array/port v0000024fc0139730, 760;
v0000024fc0139730_761 .array/port v0000024fc0139730, 761;
E_0000024fc00a5960/190 .event anyedge, v0000024fc0139730_758, v0000024fc0139730_759, v0000024fc0139730_760, v0000024fc0139730_761;
v0000024fc0139730_762 .array/port v0000024fc0139730, 762;
v0000024fc0139730_763 .array/port v0000024fc0139730, 763;
v0000024fc0139730_764 .array/port v0000024fc0139730, 764;
v0000024fc0139730_765 .array/port v0000024fc0139730, 765;
E_0000024fc00a5960/191 .event anyedge, v0000024fc0139730_762, v0000024fc0139730_763, v0000024fc0139730_764, v0000024fc0139730_765;
v0000024fc0139730_766 .array/port v0000024fc0139730, 766;
v0000024fc0139730_767 .array/port v0000024fc0139730, 767;
v0000024fc0139730_768 .array/port v0000024fc0139730, 768;
v0000024fc0139730_769 .array/port v0000024fc0139730, 769;
E_0000024fc00a5960/192 .event anyedge, v0000024fc0139730_766, v0000024fc0139730_767, v0000024fc0139730_768, v0000024fc0139730_769;
v0000024fc0139730_770 .array/port v0000024fc0139730, 770;
v0000024fc0139730_771 .array/port v0000024fc0139730, 771;
v0000024fc0139730_772 .array/port v0000024fc0139730, 772;
v0000024fc0139730_773 .array/port v0000024fc0139730, 773;
E_0000024fc00a5960/193 .event anyedge, v0000024fc0139730_770, v0000024fc0139730_771, v0000024fc0139730_772, v0000024fc0139730_773;
v0000024fc0139730_774 .array/port v0000024fc0139730, 774;
v0000024fc0139730_775 .array/port v0000024fc0139730, 775;
v0000024fc0139730_776 .array/port v0000024fc0139730, 776;
v0000024fc0139730_777 .array/port v0000024fc0139730, 777;
E_0000024fc00a5960/194 .event anyedge, v0000024fc0139730_774, v0000024fc0139730_775, v0000024fc0139730_776, v0000024fc0139730_777;
v0000024fc0139730_778 .array/port v0000024fc0139730, 778;
v0000024fc0139730_779 .array/port v0000024fc0139730, 779;
v0000024fc0139730_780 .array/port v0000024fc0139730, 780;
v0000024fc0139730_781 .array/port v0000024fc0139730, 781;
E_0000024fc00a5960/195 .event anyedge, v0000024fc0139730_778, v0000024fc0139730_779, v0000024fc0139730_780, v0000024fc0139730_781;
v0000024fc0139730_782 .array/port v0000024fc0139730, 782;
v0000024fc0139730_783 .array/port v0000024fc0139730, 783;
v0000024fc0139730_784 .array/port v0000024fc0139730, 784;
v0000024fc0139730_785 .array/port v0000024fc0139730, 785;
E_0000024fc00a5960/196 .event anyedge, v0000024fc0139730_782, v0000024fc0139730_783, v0000024fc0139730_784, v0000024fc0139730_785;
v0000024fc0139730_786 .array/port v0000024fc0139730, 786;
v0000024fc0139730_787 .array/port v0000024fc0139730, 787;
v0000024fc0139730_788 .array/port v0000024fc0139730, 788;
v0000024fc0139730_789 .array/port v0000024fc0139730, 789;
E_0000024fc00a5960/197 .event anyedge, v0000024fc0139730_786, v0000024fc0139730_787, v0000024fc0139730_788, v0000024fc0139730_789;
v0000024fc0139730_790 .array/port v0000024fc0139730, 790;
v0000024fc0139730_791 .array/port v0000024fc0139730, 791;
v0000024fc0139730_792 .array/port v0000024fc0139730, 792;
v0000024fc0139730_793 .array/port v0000024fc0139730, 793;
E_0000024fc00a5960/198 .event anyedge, v0000024fc0139730_790, v0000024fc0139730_791, v0000024fc0139730_792, v0000024fc0139730_793;
v0000024fc0139730_794 .array/port v0000024fc0139730, 794;
v0000024fc0139730_795 .array/port v0000024fc0139730, 795;
v0000024fc0139730_796 .array/port v0000024fc0139730, 796;
v0000024fc0139730_797 .array/port v0000024fc0139730, 797;
E_0000024fc00a5960/199 .event anyedge, v0000024fc0139730_794, v0000024fc0139730_795, v0000024fc0139730_796, v0000024fc0139730_797;
v0000024fc0139730_798 .array/port v0000024fc0139730, 798;
v0000024fc0139730_799 .array/port v0000024fc0139730, 799;
v0000024fc0139730_800 .array/port v0000024fc0139730, 800;
v0000024fc0139730_801 .array/port v0000024fc0139730, 801;
E_0000024fc00a5960/200 .event anyedge, v0000024fc0139730_798, v0000024fc0139730_799, v0000024fc0139730_800, v0000024fc0139730_801;
v0000024fc0139730_802 .array/port v0000024fc0139730, 802;
v0000024fc0139730_803 .array/port v0000024fc0139730, 803;
v0000024fc0139730_804 .array/port v0000024fc0139730, 804;
v0000024fc0139730_805 .array/port v0000024fc0139730, 805;
E_0000024fc00a5960/201 .event anyedge, v0000024fc0139730_802, v0000024fc0139730_803, v0000024fc0139730_804, v0000024fc0139730_805;
v0000024fc0139730_806 .array/port v0000024fc0139730, 806;
v0000024fc0139730_807 .array/port v0000024fc0139730, 807;
v0000024fc0139730_808 .array/port v0000024fc0139730, 808;
v0000024fc0139730_809 .array/port v0000024fc0139730, 809;
E_0000024fc00a5960/202 .event anyedge, v0000024fc0139730_806, v0000024fc0139730_807, v0000024fc0139730_808, v0000024fc0139730_809;
v0000024fc0139730_810 .array/port v0000024fc0139730, 810;
v0000024fc0139730_811 .array/port v0000024fc0139730, 811;
v0000024fc0139730_812 .array/port v0000024fc0139730, 812;
v0000024fc0139730_813 .array/port v0000024fc0139730, 813;
E_0000024fc00a5960/203 .event anyedge, v0000024fc0139730_810, v0000024fc0139730_811, v0000024fc0139730_812, v0000024fc0139730_813;
v0000024fc0139730_814 .array/port v0000024fc0139730, 814;
v0000024fc0139730_815 .array/port v0000024fc0139730, 815;
v0000024fc0139730_816 .array/port v0000024fc0139730, 816;
v0000024fc0139730_817 .array/port v0000024fc0139730, 817;
E_0000024fc00a5960/204 .event anyedge, v0000024fc0139730_814, v0000024fc0139730_815, v0000024fc0139730_816, v0000024fc0139730_817;
v0000024fc0139730_818 .array/port v0000024fc0139730, 818;
v0000024fc0139730_819 .array/port v0000024fc0139730, 819;
v0000024fc0139730_820 .array/port v0000024fc0139730, 820;
v0000024fc0139730_821 .array/port v0000024fc0139730, 821;
E_0000024fc00a5960/205 .event anyedge, v0000024fc0139730_818, v0000024fc0139730_819, v0000024fc0139730_820, v0000024fc0139730_821;
v0000024fc0139730_822 .array/port v0000024fc0139730, 822;
v0000024fc0139730_823 .array/port v0000024fc0139730, 823;
v0000024fc0139730_824 .array/port v0000024fc0139730, 824;
v0000024fc0139730_825 .array/port v0000024fc0139730, 825;
E_0000024fc00a5960/206 .event anyedge, v0000024fc0139730_822, v0000024fc0139730_823, v0000024fc0139730_824, v0000024fc0139730_825;
v0000024fc0139730_826 .array/port v0000024fc0139730, 826;
v0000024fc0139730_827 .array/port v0000024fc0139730, 827;
v0000024fc0139730_828 .array/port v0000024fc0139730, 828;
v0000024fc0139730_829 .array/port v0000024fc0139730, 829;
E_0000024fc00a5960/207 .event anyedge, v0000024fc0139730_826, v0000024fc0139730_827, v0000024fc0139730_828, v0000024fc0139730_829;
v0000024fc0139730_830 .array/port v0000024fc0139730, 830;
v0000024fc0139730_831 .array/port v0000024fc0139730, 831;
v0000024fc0139730_832 .array/port v0000024fc0139730, 832;
v0000024fc0139730_833 .array/port v0000024fc0139730, 833;
E_0000024fc00a5960/208 .event anyedge, v0000024fc0139730_830, v0000024fc0139730_831, v0000024fc0139730_832, v0000024fc0139730_833;
v0000024fc0139730_834 .array/port v0000024fc0139730, 834;
v0000024fc0139730_835 .array/port v0000024fc0139730, 835;
v0000024fc0139730_836 .array/port v0000024fc0139730, 836;
v0000024fc0139730_837 .array/port v0000024fc0139730, 837;
E_0000024fc00a5960/209 .event anyedge, v0000024fc0139730_834, v0000024fc0139730_835, v0000024fc0139730_836, v0000024fc0139730_837;
v0000024fc0139730_838 .array/port v0000024fc0139730, 838;
v0000024fc0139730_839 .array/port v0000024fc0139730, 839;
v0000024fc0139730_840 .array/port v0000024fc0139730, 840;
v0000024fc0139730_841 .array/port v0000024fc0139730, 841;
E_0000024fc00a5960/210 .event anyedge, v0000024fc0139730_838, v0000024fc0139730_839, v0000024fc0139730_840, v0000024fc0139730_841;
v0000024fc0139730_842 .array/port v0000024fc0139730, 842;
v0000024fc0139730_843 .array/port v0000024fc0139730, 843;
v0000024fc0139730_844 .array/port v0000024fc0139730, 844;
v0000024fc0139730_845 .array/port v0000024fc0139730, 845;
E_0000024fc00a5960/211 .event anyedge, v0000024fc0139730_842, v0000024fc0139730_843, v0000024fc0139730_844, v0000024fc0139730_845;
v0000024fc0139730_846 .array/port v0000024fc0139730, 846;
v0000024fc0139730_847 .array/port v0000024fc0139730, 847;
v0000024fc0139730_848 .array/port v0000024fc0139730, 848;
v0000024fc0139730_849 .array/port v0000024fc0139730, 849;
E_0000024fc00a5960/212 .event anyedge, v0000024fc0139730_846, v0000024fc0139730_847, v0000024fc0139730_848, v0000024fc0139730_849;
v0000024fc0139730_850 .array/port v0000024fc0139730, 850;
v0000024fc0139730_851 .array/port v0000024fc0139730, 851;
v0000024fc0139730_852 .array/port v0000024fc0139730, 852;
v0000024fc0139730_853 .array/port v0000024fc0139730, 853;
E_0000024fc00a5960/213 .event anyedge, v0000024fc0139730_850, v0000024fc0139730_851, v0000024fc0139730_852, v0000024fc0139730_853;
v0000024fc0139730_854 .array/port v0000024fc0139730, 854;
v0000024fc0139730_855 .array/port v0000024fc0139730, 855;
v0000024fc0139730_856 .array/port v0000024fc0139730, 856;
v0000024fc0139730_857 .array/port v0000024fc0139730, 857;
E_0000024fc00a5960/214 .event anyedge, v0000024fc0139730_854, v0000024fc0139730_855, v0000024fc0139730_856, v0000024fc0139730_857;
v0000024fc0139730_858 .array/port v0000024fc0139730, 858;
v0000024fc0139730_859 .array/port v0000024fc0139730, 859;
v0000024fc0139730_860 .array/port v0000024fc0139730, 860;
v0000024fc0139730_861 .array/port v0000024fc0139730, 861;
E_0000024fc00a5960/215 .event anyedge, v0000024fc0139730_858, v0000024fc0139730_859, v0000024fc0139730_860, v0000024fc0139730_861;
v0000024fc0139730_862 .array/port v0000024fc0139730, 862;
v0000024fc0139730_863 .array/port v0000024fc0139730, 863;
v0000024fc0139730_864 .array/port v0000024fc0139730, 864;
v0000024fc0139730_865 .array/port v0000024fc0139730, 865;
E_0000024fc00a5960/216 .event anyedge, v0000024fc0139730_862, v0000024fc0139730_863, v0000024fc0139730_864, v0000024fc0139730_865;
v0000024fc0139730_866 .array/port v0000024fc0139730, 866;
v0000024fc0139730_867 .array/port v0000024fc0139730, 867;
v0000024fc0139730_868 .array/port v0000024fc0139730, 868;
v0000024fc0139730_869 .array/port v0000024fc0139730, 869;
E_0000024fc00a5960/217 .event anyedge, v0000024fc0139730_866, v0000024fc0139730_867, v0000024fc0139730_868, v0000024fc0139730_869;
v0000024fc0139730_870 .array/port v0000024fc0139730, 870;
v0000024fc0139730_871 .array/port v0000024fc0139730, 871;
v0000024fc0139730_872 .array/port v0000024fc0139730, 872;
v0000024fc0139730_873 .array/port v0000024fc0139730, 873;
E_0000024fc00a5960/218 .event anyedge, v0000024fc0139730_870, v0000024fc0139730_871, v0000024fc0139730_872, v0000024fc0139730_873;
v0000024fc0139730_874 .array/port v0000024fc0139730, 874;
v0000024fc0139730_875 .array/port v0000024fc0139730, 875;
v0000024fc0139730_876 .array/port v0000024fc0139730, 876;
v0000024fc0139730_877 .array/port v0000024fc0139730, 877;
E_0000024fc00a5960/219 .event anyedge, v0000024fc0139730_874, v0000024fc0139730_875, v0000024fc0139730_876, v0000024fc0139730_877;
v0000024fc0139730_878 .array/port v0000024fc0139730, 878;
v0000024fc0139730_879 .array/port v0000024fc0139730, 879;
v0000024fc0139730_880 .array/port v0000024fc0139730, 880;
v0000024fc0139730_881 .array/port v0000024fc0139730, 881;
E_0000024fc00a5960/220 .event anyedge, v0000024fc0139730_878, v0000024fc0139730_879, v0000024fc0139730_880, v0000024fc0139730_881;
v0000024fc0139730_882 .array/port v0000024fc0139730, 882;
v0000024fc0139730_883 .array/port v0000024fc0139730, 883;
v0000024fc0139730_884 .array/port v0000024fc0139730, 884;
v0000024fc0139730_885 .array/port v0000024fc0139730, 885;
E_0000024fc00a5960/221 .event anyedge, v0000024fc0139730_882, v0000024fc0139730_883, v0000024fc0139730_884, v0000024fc0139730_885;
v0000024fc0139730_886 .array/port v0000024fc0139730, 886;
v0000024fc0139730_887 .array/port v0000024fc0139730, 887;
v0000024fc0139730_888 .array/port v0000024fc0139730, 888;
v0000024fc0139730_889 .array/port v0000024fc0139730, 889;
E_0000024fc00a5960/222 .event anyedge, v0000024fc0139730_886, v0000024fc0139730_887, v0000024fc0139730_888, v0000024fc0139730_889;
v0000024fc0139730_890 .array/port v0000024fc0139730, 890;
v0000024fc0139730_891 .array/port v0000024fc0139730, 891;
v0000024fc0139730_892 .array/port v0000024fc0139730, 892;
v0000024fc0139730_893 .array/port v0000024fc0139730, 893;
E_0000024fc00a5960/223 .event anyedge, v0000024fc0139730_890, v0000024fc0139730_891, v0000024fc0139730_892, v0000024fc0139730_893;
v0000024fc0139730_894 .array/port v0000024fc0139730, 894;
v0000024fc0139730_895 .array/port v0000024fc0139730, 895;
v0000024fc0139730_896 .array/port v0000024fc0139730, 896;
v0000024fc0139730_897 .array/port v0000024fc0139730, 897;
E_0000024fc00a5960/224 .event anyedge, v0000024fc0139730_894, v0000024fc0139730_895, v0000024fc0139730_896, v0000024fc0139730_897;
v0000024fc0139730_898 .array/port v0000024fc0139730, 898;
v0000024fc0139730_899 .array/port v0000024fc0139730, 899;
v0000024fc0139730_900 .array/port v0000024fc0139730, 900;
v0000024fc0139730_901 .array/port v0000024fc0139730, 901;
E_0000024fc00a5960/225 .event anyedge, v0000024fc0139730_898, v0000024fc0139730_899, v0000024fc0139730_900, v0000024fc0139730_901;
v0000024fc0139730_902 .array/port v0000024fc0139730, 902;
v0000024fc0139730_903 .array/port v0000024fc0139730, 903;
v0000024fc0139730_904 .array/port v0000024fc0139730, 904;
v0000024fc0139730_905 .array/port v0000024fc0139730, 905;
E_0000024fc00a5960/226 .event anyedge, v0000024fc0139730_902, v0000024fc0139730_903, v0000024fc0139730_904, v0000024fc0139730_905;
v0000024fc0139730_906 .array/port v0000024fc0139730, 906;
v0000024fc0139730_907 .array/port v0000024fc0139730, 907;
v0000024fc0139730_908 .array/port v0000024fc0139730, 908;
v0000024fc0139730_909 .array/port v0000024fc0139730, 909;
E_0000024fc00a5960/227 .event anyedge, v0000024fc0139730_906, v0000024fc0139730_907, v0000024fc0139730_908, v0000024fc0139730_909;
v0000024fc0139730_910 .array/port v0000024fc0139730, 910;
v0000024fc0139730_911 .array/port v0000024fc0139730, 911;
v0000024fc0139730_912 .array/port v0000024fc0139730, 912;
v0000024fc0139730_913 .array/port v0000024fc0139730, 913;
E_0000024fc00a5960/228 .event anyedge, v0000024fc0139730_910, v0000024fc0139730_911, v0000024fc0139730_912, v0000024fc0139730_913;
v0000024fc0139730_914 .array/port v0000024fc0139730, 914;
v0000024fc0139730_915 .array/port v0000024fc0139730, 915;
v0000024fc0139730_916 .array/port v0000024fc0139730, 916;
v0000024fc0139730_917 .array/port v0000024fc0139730, 917;
E_0000024fc00a5960/229 .event anyedge, v0000024fc0139730_914, v0000024fc0139730_915, v0000024fc0139730_916, v0000024fc0139730_917;
v0000024fc0139730_918 .array/port v0000024fc0139730, 918;
v0000024fc0139730_919 .array/port v0000024fc0139730, 919;
v0000024fc0139730_920 .array/port v0000024fc0139730, 920;
v0000024fc0139730_921 .array/port v0000024fc0139730, 921;
E_0000024fc00a5960/230 .event anyedge, v0000024fc0139730_918, v0000024fc0139730_919, v0000024fc0139730_920, v0000024fc0139730_921;
v0000024fc0139730_922 .array/port v0000024fc0139730, 922;
v0000024fc0139730_923 .array/port v0000024fc0139730, 923;
v0000024fc0139730_924 .array/port v0000024fc0139730, 924;
v0000024fc0139730_925 .array/port v0000024fc0139730, 925;
E_0000024fc00a5960/231 .event anyedge, v0000024fc0139730_922, v0000024fc0139730_923, v0000024fc0139730_924, v0000024fc0139730_925;
v0000024fc0139730_926 .array/port v0000024fc0139730, 926;
v0000024fc0139730_927 .array/port v0000024fc0139730, 927;
v0000024fc0139730_928 .array/port v0000024fc0139730, 928;
v0000024fc0139730_929 .array/port v0000024fc0139730, 929;
E_0000024fc00a5960/232 .event anyedge, v0000024fc0139730_926, v0000024fc0139730_927, v0000024fc0139730_928, v0000024fc0139730_929;
v0000024fc0139730_930 .array/port v0000024fc0139730, 930;
v0000024fc0139730_931 .array/port v0000024fc0139730, 931;
v0000024fc0139730_932 .array/port v0000024fc0139730, 932;
v0000024fc0139730_933 .array/port v0000024fc0139730, 933;
E_0000024fc00a5960/233 .event anyedge, v0000024fc0139730_930, v0000024fc0139730_931, v0000024fc0139730_932, v0000024fc0139730_933;
v0000024fc0139730_934 .array/port v0000024fc0139730, 934;
v0000024fc0139730_935 .array/port v0000024fc0139730, 935;
v0000024fc0139730_936 .array/port v0000024fc0139730, 936;
v0000024fc0139730_937 .array/port v0000024fc0139730, 937;
E_0000024fc00a5960/234 .event anyedge, v0000024fc0139730_934, v0000024fc0139730_935, v0000024fc0139730_936, v0000024fc0139730_937;
v0000024fc0139730_938 .array/port v0000024fc0139730, 938;
v0000024fc0139730_939 .array/port v0000024fc0139730, 939;
v0000024fc0139730_940 .array/port v0000024fc0139730, 940;
v0000024fc0139730_941 .array/port v0000024fc0139730, 941;
E_0000024fc00a5960/235 .event anyedge, v0000024fc0139730_938, v0000024fc0139730_939, v0000024fc0139730_940, v0000024fc0139730_941;
v0000024fc0139730_942 .array/port v0000024fc0139730, 942;
v0000024fc0139730_943 .array/port v0000024fc0139730, 943;
v0000024fc0139730_944 .array/port v0000024fc0139730, 944;
v0000024fc0139730_945 .array/port v0000024fc0139730, 945;
E_0000024fc00a5960/236 .event anyedge, v0000024fc0139730_942, v0000024fc0139730_943, v0000024fc0139730_944, v0000024fc0139730_945;
v0000024fc0139730_946 .array/port v0000024fc0139730, 946;
v0000024fc0139730_947 .array/port v0000024fc0139730, 947;
v0000024fc0139730_948 .array/port v0000024fc0139730, 948;
v0000024fc0139730_949 .array/port v0000024fc0139730, 949;
E_0000024fc00a5960/237 .event anyedge, v0000024fc0139730_946, v0000024fc0139730_947, v0000024fc0139730_948, v0000024fc0139730_949;
v0000024fc0139730_950 .array/port v0000024fc0139730, 950;
v0000024fc0139730_951 .array/port v0000024fc0139730, 951;
v0000024fc0139730_952 .array/port v0000024fc0139730, 952;
v0000024fc0139730_953 .array/port v0000024fc0139730, 953;
E_0000024fc00a5960/238 .event anyedge, v0000024fc0139730_950, v0000024fc0139730_951, v0000024fc0139730_952, v0000024fc0139730_953;
v0000024fc0139730_954 .array/port v0000024fc0139730, 954;
v0000024fc0139730_955 .array/port v0000024fc0139730, 955;
v0000024fc0139730_956 .array/port v0000024fc0139730, 956;
v0000024fc0139730_957 .array/port v0000024fc0139730, 957;
E_0000024fc00a5960/239 .event anyedge, v0000024fc0139730_954, v0000024fc0139730_955, v0000024fc0139730_956, v0000024fc0139730_957;
v0000024fc0139730_958 .array/port v0000024fc0139730, 958;
v0000024fc0139730_959 .array/port v0000024fc0139730, 959;
v0000024fc0139730_960 .array/port v0000024fc0139730, 960;
v0000024fc0139730_961 .array/port v0000024fc0139730, 961;
E_0000024fc00a5960/240 .event anyedge, v0000024fc0139730_958, v0000024fc0139730_959, v0000024fc0139730_960, v0000024fc0139730_961;
v0000024fc0139730_962 .array/port v0000024fc0139730, 962;
v0000024fc0139730_963 .array/port v0000024fc0139730, 963;
v0000024fc0139730_964 .array/port v0000024fc0139730, 964;
v0000024fc0139730_965 .array/port v0000024fc0139730, 965;
E_0000024fc00a5960/241 .event anyedge, v0000024fc0139730_962, v0000024fc0139730_963, v0000024fc0139730_964, v0000024fc0139730_965;
v0000024fc0139730_966 .array/port v0000024fc0139730, 966;
v0000024fc0139730_967 .array/port v0000024fc0139730, 967;
v0000024fc0139730_968 .array/port v0000024fc0139730, 968;
v0000024fc0139730_969 .array/port v0000024fc0139730, 969;
E_0000024fc00a5960/242 .event anyedge, v0000024fc0139730_966, v0000024fc0139730_967, v0000024fc0139730_968, v0000024fc0139730_969;
v0000024fc0139730_970 .array/port v0000024fc0139730, 970;
v0000024fc0139730_971 .array/port v0000024fc0139730, 971;
v0000024fc0139730_972 .array/port v0000024fc0139730, 972;
v0000024fc0139730_973 .array/port v0000024fc0139730, 973;
E_0000024fc00a5960/243 .event anyedge, v0000024fc0139730_970, v0000024fc0139730_971, v0000024fc0139730_972, v0000024fc0139730_973;
v0000024fc0139730_974 .array/port v0000024fc0139730, 974;
v0000024fc0139730_975 .array/port v0000024fc0139730, 975;
v0000024fc0139730_976 .array/port v0000024fc0139730, 976;
v0000024fc0139730_977 .array/port v0000024fc0139730, 977;
E_0000024fc00a5960/244 .event anyedge, v0000024fc0139730_974, v0000024fc0139730_975, v0000024fc0139730_976, v0000024fc0139730_977;
v0000024fc0139730_978 .array/port v0000024fc0139730, 978;
v0000024fc0139730_979 .array/port v0000024fc0139730, 979;
v0000024fc0139730_980 .array/port v0000024fc0139730, 980;
v0000024fc0139730_981 .array/port v0000024fc0139730, 981;
E_0000024fc00a5960/245 .event anyedge, v0000024fc0139730_978, v0000024fc0139730_979, v0000024fc0139730_980, v0000024fc0139730_981;
v0000024fc0139730_982 .array/port v0000024fc0139730, 982;
v0000024fc0139730_983 .array/port v0000024fc0139730, 983;
v0000024fc0139730_984 .array/port v0000024fc0139730, 984;
v0000024fc0139730_985 .array/port v0000024fc0139730, 985;
E_0000024fc00a5960/246 .event anyedge, v0000024fc0139730_982, v0000024fc0139730_983, v0000024fc0139730_984, v0000024fc0139730_985;
v0000024fc0139730_986 .array/port v0000024fc0139730, 986;
v0000024fc0139730_987 .array/port v0000024fc0139730, 987;
v0000024fc0139730_988 .array/port v0000024fc0139730, 988;
v0000024fc0139730_989 .array/port v0000024fc0139730, 989;
E_0000024fc00a5960/247 .event anyedge, v0000024fc0139730_986, v0000024fc0139730_987, v0000024fc0139730_988, v0000024fc0139730_989;
v0000024fc0139730_990 .array/port v0000024fc0139730, 990;
v0000024fc0139730_991 .array/port v0000024fc0139730, 991;
v0000024fc0139730_992 .array/port v0000024fc0139730, 992;
v0000024fc0139730_993 .array/port v0000024fc0139730, 993;
E_0000024fc00a5960/248 .event anyedge, v0000024fc0139730_990, v0000024fc0139730_991, v0000024fc0139730_992, v0000024fc0139730_993;
v0000024fc0139730_994 .array/port v0000024fc0139730, 994;
v0000024fc0139730_995 .array/port v0000024fc0139730, 995;
v0000024fc0139730_996 .array/port v0000024fc0139730, 996;
v0000024fc0139730_997 .array/port v0000024fc0139730, 997;
E_0000024fc00a5960/249 .event anyedge, v0000024fc0139730_994, v0000024fc0139730_995, v0000024fc0139730_996, v0000024fc0139730_997;
v0000024fc0139730_998 .array/port v0000024fc0139730, 998;
v0000024fc0139730_999 .array/port v0000024fc0139730, 999;
v0000024fc0139730_1000 .array/port v0000024fc0139730, 1000;
v0000024fc0139730_1001 .array/port v0000024fc0139730, 1001;
E_0000024fc00a5960/250 .event anyedge, v0000024fc0139730_998, v0000024fc0139730_999, v0000024fc0139730_1000, v0000024fc0139730_1001;
v0000024fc0139730_1002 .array/port v0000024fc0139730, 1002;
v0000024fc0139730_1003 .array/port v0000024fc0139730, 1003;
v0000024fc0139730_1004 .array/port v0000024fc0139730, 1004;
v0000024fc0139730_1005 .array/port v0000024fc0139730, 1005;
E_0000024fc00a5960/251 .event anyedge, v0000024fc0139730_1002, v0000024fc0139730_1003, v0000024fc0139730_1004, v0000024fc0139730_1005;
v0000024fc0139730_1006 .array/port v0000024fc0139730, 1006;
v0000024fc0139730_1007 .array/port v0000024fc0139730, 1007;
v0000024fc0139730_1008 .array/port v0000024fc0139730, 1008;
v0000024fc0139730_1009 .array/port v0000024fc0139730, 1009;
E_0000024fc00a5960/252 .event anyedge, v0000024fc0139730_1006, v0000024fc0139730_1007, v0000024fc0139730_1008, v0000024fc0139730_1009;
v0000024fc0139730_1010 .array/port v0000024fc0139730, 1010;
v0000024fc0139730_1011 .array/port v0000024fc0139730, 1011;
v0000024fc0139730_1012 .array/port v0000024fc0139730, 1012;
v0000024fc0139730_1013 .array/port v0000024fc0139730, 1013;
E_0000024fc00a5960/253 .event anyedge, v0000024fc0139730_1010, v0000024fc0139730_1011, v0000024fc0139730_1012, v0000024fc0139730_1013;
v0000024fc0139730_1014 .array/port v0000024fc0139730, 1014;
v0000024fc0139730_1015 .array/port v0000024fc0139730, 1015;
v0000024fc0139730_1016 .array/port v0000024fc0139730, 1016;
v0000024fc0139730_1017 .array/port v0000024fc0139730, 1017;
E_0000024fc00a5960/254 .event anyedge, v0000024fc0139730_1014, v0000024fc0139730_1015, v0000024fc0139730_1016, v0000024fc0139730_1017;
v0000024fc0139730_1018 .array/port v0000024fc0139730, 1018;
v0000024fc0139730_1019 .array/port v0000024fc0139730, 1019;
v0000024fc0139730_1020 .array/port v0000024fc0139730, 1020;
v0000024fc0139730_1021 .array/port v0000024fc0139730, 1021;
E_0000024fc00a5960/255 .event anyedge, v0000024fc0139730_1018, v0000024fc0139730_1019, v0000024fc0139730_1020, v0000024fc0139730_1021;
v0000024fc0139730_1022 .array/port v0000024fc0139730, 1022;
v0000024fc0139730_1023 .array/port v0000024fc0139730, 1023;
E_0000024fc00a5960/256 .event anyedge, v0000024fc0139730_1022, v0000024fc0139730_1023;
E_0000024fc00a5960 .event/or E_0000024fc00a5960/0, E_0000024fc00a5960/1, E_0000024fc00a5960/2, E_0000024fc00a5960/3, E_0000024fc00a5960/4, E_0000024fc00a5960/5, E_0000024fc00a5960/6, E_0000024fc00a5960/7, E_0000024fc00a5960/8, E_0000024fc00a5960/9, E_0000024fc00a5960/10, E_0000024fc00a5960/11, E_0000024fc00a5960/12, E_0000024fc00a5960/13, E_0000024fc00a5960/14, E_0000024fc00a5960/15, E_0000024fc00a5960/16, E_0000024fc00a5960/17, E_0000024fc00a5960/18, E_0000024fc00a5960/19, E_0000024fc00a5960/20, E_0000024fc00a5960/21, E_0000024fc00a5960/22, E_0000024fc00a5960/23, E_0000024fc00a5960/24, E_0000024fc00a5960/25, E_0000024fc00a5960/26, E_0000024fc00a5960/27, E_0000024fc00a5960/28, E_0000024fc00a5960/29, E_0000024fc00a5960/30, E_0000024fc00a5960/31, E_0000024fc00a5960/32, E_0000024fc00a5960/33, E_0000024fc00a5960/34, E_0000024fc00a5960/35, E_0000024fc00a5960/36, E_0000024fc00a5960/37, E_0000024fc00a5960/38, E_0000024fc00a5960/39, E_0000024fc00a5960/40, E_0000024fc00a5960/41, E_0000024fc00a5960/42, E_0000024fc00a5960/43, E_0000024fc00a5960/44, E_0000024fc00a5960/45, E_0000024fc00a5960/46, E_0000024fc00a5960/47, E_0000024fc00a5960/48, E_0000024fc00a5960/49, E_0000024fc00a5960/50, E_0000024fc00a5960/51, E_0000024fc00a5960/52, E_0000024fc00a5960/53, E_0000024fc00a5960/54, E_0000024fc00a5960/55, E_0000024fc00a5960/56, E_0000024fc00a5960/57, E_0000024fc00a5960/58, E_0000024fc00a5960/59, E_0000024fc00a5960/60, E_0000024fc00a5960/61, E_0000024fc00a5960/62, E_0000024fc00a5960/63, E_0000024fc00a5960/64, E_0000024fc00a5960/65, E_0000024fc00a5960/66, E_0000024fc00a5960/67, E_0000024fc00a5960/68, E_0000024fc00a5960/69, E_0000024fc00a5960/70, E_0000024fc00a5960/71, E_0000024fc00a5960/72, E_0000024fc00a5960/73, E_0000024fc00a5960/74, E_0000024fc00a5960/75, E_0000024fc00a5960/76, E_0000024fc00a5960/77, E_0000024fc00a5960/78, E_0000024fc00a5960/79, E_0000024fc00a5960/80, E_0000024fc00a5960/81, E_0000024fc00a5960/82, E_0000024fc00a5960/83, E_0000024fc00a5960/84, E_0000024fc00a5960/85, E_0000024fc00a5960/86, E_0000024fc00a5960/87, E_0000024fc00a5960/88, E_0000024fc00a5960/89, E_0000024fc00a5960/90, E_0000024fc00a5960/91, E_0000024fc00a5960/92, E_0000024fc00a5960/93, E_0000024fc00a5960/94, E_0000024fc00a5960/95, E_0000024fc00a5960/96, E_0000024fc00a5960/97, E_0000024fc00a5960/98, E_0000024fc00a5960/99, E_0000024fc00a5960/100, E_0000024fc00a5960/101, E_0000024fc00a5960/102, E_0000024fc00a5960/103, E_0000024fc00a5960/104, E_0000024fc00a5960/105, E_0000024fc00a5960/106, E_0000024fc00a5960/107, E_0000024fc00a5960/108, E_0000024fc00a5960/109, E_0000024fc00a5960/110, E_0000024fc00a5960/111, E_0000024fc00a5960/112, E_0000024fc00a5960/113, E_0000024fc00a5960/114, E_0000024fc00a5960/115, E_0000024fc00a5960/116, E_0000024fc00a5960/117, E_0000024fc00a5960/118, E_0000024fc00a5960/119, E_0000024fc00a5960/120, E_0000024fc00a5960/121, E_0000024fc00a5960/122, E_0000024fc00a5960/123, E_0000024fc00a5960/124, E_0000024fc00a5960/125, E_0000024fc00a5960/126, E_0000024fc00a5960/127, E_0000024fc00a5960/128, E_0000024fc00a5960/129, E_0000024fc00a5960/130, E_0000024fc00a5960/131, E_0000024fc00a5960/132, E_0000024fc00a5960/133, E_0000024fc00a5960/134, E_0000024fc00a5960/135, E_0000024fc00a5960/136, E_0000024fc00a5960/137, E_0000024fc00a5960/138, E_0000024fc00a5960/139, E_0000024fc00a5960/140, E_0000024fc00a5960/141, E_0000024fc00a5960/142, E_0000024fc00a5960/143, E_0000024fc00a5960/144, E_0000024fc00a5960/145, E_0000024fc00a5960/146, E_0000024fc00a5960/147, E_0000024fc00a5960/148, E_0000024fc00a5960/149, E_0000024fc00a5960/150, E_0000024fc00a5960/151, E_0000024fc00a5960/152, E_0000024fc00a5960/153, E_0000024fc00a5960/154, E_0000024fc00a5960/155, E_0000024fc00a5960/156, E_0000024fc00a5960/157, E_0000024fc00a5960/158, E_0000024fc00a5960/159, E_0000024fc00a5960/160, E_0000024fc00a5960/161, E_0000024fc00a5960/162, E_0000024fc00a5960/163, E_0000024fc00a5960/164, E_0000024fc00a5960/165, E_0000024fc00a5960/166, E_0000024fc00a5960/167, E_0000024fc00a5960/168, E_0000024fc00a5960/169, E_0000024fc00a5960/170, E_0000024fc00a5960/171, E_0000024fc00a5960/172, E_0000024fc00a5960/173, E_0000024fc00a5960/174, E_0000024fc00a5960/175, E_0000024fc00a5960/176, E_0000024fc00a5960/177, E_0000024fc00a5960/178, E_0000024fc00a5960/179, E_0000024fc00a5960/180, E_0000024fc00a5960/181, E_0000024fc00a5960/182, E_0000024fc00a5960/183, E_0000024fc00a5960/184, E_0000024fc00a5960/185, E_0000024fc00a5960/186, E_0000024fc00a5960/187, E_0000024fc00a5960/188, E_0000024fc00a5960/189, E_0000024fc00a5960/190, E_0000024fc00a5960/191, E_0000024fc00a5960/192, E_0000024fc00a5960/193, E_0000024fc00a5960/194, E_0000024fc00a5960/195, E_0000024fc00a5960/196, E_0000024fc00a5960/197, E_0000024fc00a5960/198, E_0000024fc00a5960/199, E_0000024fc00a5960/200, E_0000024fc00a5960/201, E_0000024fc00a5960/202, E_0000024fc00a5960/203, E_0000024fc00a5960/204, E_0000024fc00a5960/205, E_0000024fc00a5960/206, E_0000024fc00a5960/207, E_0000024fc00a5960/208, E_0000024fc00a5960/209, E_0000024fc00a5960/210, E_0000024fc00a5960/211, E_0000024fc00a5960/212, E_0000024fc00a5960/213, E_0000024fc00a5960/214, E_0000024fc00a5960/215, E_0000024fc00a5960/216, E_0000024fc00a5960/217, E_0000024fc00a5960/218, E_0000024fc00a5960/219, E_0000024fc00a5960/220, E_0000024fc00a5960/221, E_0000024fc00a5960/222, E_0000024fc00a5960/223, E_0000024fc00a5960/224, E_0000024fc00a5960/225, E_0000024fc00a5960/226, E_0000024fc00a5960/227, E_0000024fc00a5960/228, E_0000024fc00a5960/229, E_0000024fc00a5960/230, E_0000024fc00a5960/231, E_0000024fc00a5960/232, E_0000024fc00a5960/233, E_0000024fc00a5960/234, E_0000024fc00a5960/235, E_0000024fc00a5960/236, E_0000024fc00a5960/237, E_0000024fc00a5960/238, E_0000024fc00a5960/239, E_0000024fc00a5960/240, E_0000024fc00a5960/241, E_0000024fc00a5960/242, E_0000024fc00a5960/243, E_0000024fc00a5960/244, E_0000024fc00a5960/245, E_0000024fc00a5960/246, E_0000024fc00a5960/247, E_0000024fc00a5960/248, E_0000024fc00a5960/249, E_0000024fc00a5960/250, E_0000024fc00a5960/251, E_0000024fc00a5960/252, E_0000024fc00a5960/253, E_0000024fc00a5960/254, E_0000024fc00a5960/255, E_0000024fc00a5960/256;
S_0000024fc003fde0 .scope module, "InstructionMemory" "InstructionMem" 3 446, 3 20 0, S_0000024fc006f780;
 .timescale 0 0;
    .port_info 0 /INPUT 32 "address";
    .port_info 1 /OUTPUT 32 "instruction";
v0000024fc01390f0_0 .net "address", 31 0, v0000024fc01399b0_0;  alias, 1 drivers
v0000024fc01388d0 .array "instrmem", 1023 0, 31 0;
v0000024fc01383d0_0 .var "instruction", 31 0;
v0000024fc01388d0_0 .array/port v0000024fc01388d0, 0;
v0000024fc01388d0_1 .array/port v0000024fc01388d0, 1;
v0000024fc01388d0_2 .array/port v0000024fc01388d0, 2;
E_0000024fc00a52e0/0 .event anyedge, v0000024fc01390f0_0, v0000024fc01388d0_0, v0000024fc01388d0_1, v0000024fc01388d0_2;
v0000024fc01388d0_3 .array/port v0000024fc01388d0, 3;
v0000024fc01388d0_4 .array/port v0000024fc01388d0, 4;
v0000024fc01388d0_5 .array/port v0000024fc01388d0, 5;
v0000024fc01388d0_6 .array/port v0000024fc01388d0, 6;
E_0000024fc00a52e0/1 .event anyedge, v0000024fc01388d0_3, v0000024fc01388d0_4, v0000024fc01388d0_5, v0000024fc01388d0_6;
v0000024fc01388d0_7 .array/port v0000024fc01388d0, 7;
v0000024fc01388d0_8 .array/port v0000024fc01388d0, 8;
v0000024fc01388d0_9 .array/port v0000024fc01388d0, 9;
v0000024fc01388d0_10 .array/port v0000024fc01388d0, 10;
E_0000024fc00a52e0/2 .event anyedge, v0000024fc01388d0_7, v0000024fc01388d0_8, v0000024fc01388d0_9, v0000024fc01388d0_10;
v0000024fc01388d0_11 .array/port v0000024fc01388d0, 11;
v0000024fc01388d0_12 .array/port v0000024fc01388d0, 12;
v0000024fc01388d0_13 .array/port v0000024fc01388d0, 13;
v0000024fc01388d0_14 .array/port v0000024fc01388d0, 14;
E_0000024fc00a52e0/3 .event anyedge, v0000024fc01388d0_11, v0000024fc01388d0_12, v0000024fc01388d0_13, v0000024fc01388d0_14;
v0000024fc01388d0_15 .array/port v0000024fc01388d0, 15;
v0000024fc01388d0_16 .array/port v0000024fc01388d0, 16;
v0000024fc01388d0_17 .array/port v0000024fc01388d0, 17;
v0000024fc01388d0_18 .array/port v0000024fc01388d0, 18;
E_0000024fc00a52e0/4 .event anyedge, v0000024fc01388d0_15, v0000024fc01388d0_16, v0000024fc01388d0_17, v0000024fc01388d0_18;
v0000024fc01388d0_19 .array/port v0000024fc01388d0, 19;
v0000024fc01388d0_20 .array/port v0000024fc01388d0, 20;
v0000024fc01388d0_21 .array/port v0000024fc01388d0, 21;
v0000024fc01388d0_22 .array/port v0000024fc01388d0, 22;
E_0000024fc00a52e0/5 .event anyedge, v0000024fc01388d0_19, v0000024fc01388d0_20, v0000024fc01388d0_21, v0000024fc01388d0_22;
v0000024fc01388d0_23 .array/port v0000024fc01388d0, 23;
v0000024fc01388d0_24 .array/port v0000024fc01388d0, 24;
v0000024fc01388d0_25 .array/port v0000024fc01388d0, 25;
v0000024fc01388d0_26 .array/port v0000024fc01388d0, 26;
E_0000024fc00a52e0/6 .event anyedge, v0000024fc01388d0_23, v0000024fc01388d0_24, v0000024fc01388d0_25, v0000024fc01388d0_26;
v0000024fc01388d0_27 .array/port v0000024fc01388d0, 27;
v0000024fc01388d0_28 .array/port v0000024fc01388d0, 28;
v0000024fc01388d0_29 .array/port v0000024fc01388d0, 29;
v0000024fc01388d0_30 .array/port v0000024fc01388d0, 30;
E_0000024fc00a52e0/7 .event anyedge, v0000024fc01388d0_27, v0000024fc01388d0_28, v0000024fc01388d0_29, v0000024fc01388d0_30;
v0000024fc01388d0_31 .array/port v0000024fc01388d0, 31;
v0000024fc01388d0_32 .array/port v0000024fc01388d0, 32;
v0000024fc01388d0_33 .array/port v0000024fc01388d0, 33;
v0000024fc01388d0_34 .array/port v0000024fc01388d0, 34;
E_0000024fc00a52e0/8 .event anyedge, v0000024fc01388d0_31, v0000024fc01388d0_32, v0000024fc01388d0_33, v0000024fc01388d0_34;
v0000024fc01388d0_35 .array/port v0000024fc01388d0, 35;
v0000024fc01388d0_36 .array/port v0000024fc01388d0, 36;
v0000024fc01388d0_37 .array/port v0000024fc01388d0, 37;
v0000024fc01388d0_38 .array/port v0000024fc01388d0, 38;
E_0000024fc00a52e0/9 .event anyedge, v0000024fc01388d0_35, v0000024fc01388d0_36, v0000024fc01388d0_37, v0000024fc01388d0_38;
v0000024fc01388d0_39 .array/port v0000024fc01388d0, 39;
v0000024fc01388d0_40 .array/port v0000024fc01388d0, 40;
v0000024fc01388d0_41 .array/port v0000024fc01388d0, 41;
v0000024fc01388d0_42 .array/port v0000024fc01388d0, 42;
E_0000024fc00a52e0/10 .event anyedge, v0000024fc01388d0_39, v0000024fc01388d0_40, v0000024fc01388d0_41, v0000024fc01388d0_42;
v0000024fc01388d0_43 .array/port v0000024fc01388d0, 43;
v0000024fc01388d0_44 .array/port v0000024fc01388d0, 44;
v0000024fc01388d0_45 .array/port v0000024fc01388d0, 45;
v0000024fc01388d0_46 .array/port v0000024fc01388d0, 46;
E_0000024fc00a52e0/11 .event anyedge, v0000024fc01388d0_43, v0000024fc01388d0_44, v0000024fc01388d0_45, v0000024fc01388d0_46;
v0000024fc01388d0_47 .array/port v0000024fc01388d0, 47;
v0000024fc01388d0_48 .array/port v0000024fc01388d0, 48;
v0000024fc01388d0_49 .array/port v0000024fc01388d0, 49;
v0000024fc01388d0_50 .array/port v0000024fc01388d0, 50;
E_0000024fc00a52e0/12 .event anyedge, v0000024fc01388d0_47, v0000024fc01388d0_48, v0000024fc01388d0_49, v0000024fc01388d0_50;
v0000024fc01388d0_51 .array/port v0000024fc01388d0, 51;
v0000024fc01388d0_52 .array/port v0000024fc01388d0, 52;
v0000024fc01388d0_53 .array/port v0000024fc01388d0, 53;
v0000024fc01388d0_54 .array/port v0000024fc01388d0, 54;
E_0000024fc00a52e0/13 .event anyedge, v0000024fc01388d0_51, v0000024fc01388d0_52, v0000024fc01388d0_53, v0000024fc01388d0_54;
v0000024fc01388d0_55 .array/port v0000024fc01388d0, 55;
v0000024fc01388d0_56 .array/port v0000024fc01388d0, 56;
v0000024fc01388d0_57 .array/port v0000024fc01388d0, 57;
v0000024fc01388d0_58 .array/port v0000024fc01388d0, 58;
E_0000024fc00a52e0/14 .event anyedge, v0000024fc01388d0_55, v0000024fc01388d0_56, v0000024fc01388d0_57, v0000024fc01388d0_58;
v0000024fc01388d0_59 .array/port v0000024fc01388d0, 59;
v0000024fc01388d0_60 .array/port v0000024fc01388d0, 60;
v0000024fc01388d0_61 .array/port v0000024fc01388d0, 61;
v0000024fc01388d0_62 .array/port v0000024fc01388d0, 62;
E_0000024fc00a52e0/15 .event anyedge, v0000024fc01388d0_59, v0000024fc01388d0_60, v0000024fc01388d0_61, v0000024fc01388d0_62;
v0000024fc01388d0_63 .array/port v0000024fc01388d0, 63;
v0000024fc01388d0_64 .array/port v0000024fc01388d0, 64;
v0000024fc01388d0_65 .array/port v0000024fc01388d0, 65;
v0000024fc01388d0_66 .array/port v0000024fc01388d0, 66;
E_0000024fc00a52e0/16 .event anyedge, v0000024fc01388d0_63, v0000024fc01388d0_64, v0000024fc01388d0_65, v0000024fc01388d0_66;
v0000024fc01388d0_67 .array/port v0000024fc01388d0, 67;
v0000024fc01388d0_68 .array/port v0000024fc01388d0, 68;
v0000024fc01388d0_69 .array/port v0000024fc01388d0, 69;
v0000024fc01388d0_70 .array/port v0000024fc01388d0, 70;
E_0000024fc00a52e0/17 .event anyedge, v0000024fc01388d0_67, v0000024fc01388d0_68, v0000024fc01388d0_69, v0000024fc01388d0_70;
v0000024fc01388d0_71 .array/port v0000024fc01388d0, 71;
v0000024fc01388d0_72 .array/port v0000024fc01388d0, 72;
v0000024fc01388d0_73 .array/port v0000024fc01388d0, 73;
v0000024fc01388d0_74 .array/port v0000024fc01388d0, 74;
E_0000024fc00a52e0/18 .event anyedge, v0000024fc01388d0_71, v0000024fc01388d0_72, v0000024fc01388d0_73, v0000024fc01388d0_74;
v0000024fc01388d0_75 .array/port v0000024fc01388d0, 75;
v0000024fc01388d0_76 .array/port v0000024fc01388d0, 76;
v0000024fc01388d0_77 .array/port v0000024fc01388d0, 77;
v0000024fc01388d0_78 .array/port v0000024fc01388d0, 78;
E_0000024fc00a52e0/19 .event anyedge, v0000024fc01388d0_75, v0000024fc01388d0_76, v0000024fc01388d0_77, v0000024fc01388d0_78;
v0000024fc01388d0_79 .array/port v0000024fc01388d0, 79;
v0000024fc01388d0_80 .array/port v0000024fc01388d0, 80;
v0000024fc01388d0_81 .array/port v0000024fc01388d0, 81;
v0000024fc01388d0_82 .array/port v0000024fc01388d0, 82;
E_0000024fc00a52e0/20 .event anyedge, v0000024fc01388d0_79, v0000024fc01388d0_80, v0000024fc01388d0_81, v0000024fc01388d0_82;
v0000024fc01388d0_83 .array/port v0000024fc01388d0, 83;
v0000024fc01388d0_84 .array/port v0000024fc01388d0, 84;
v0000024fc01388d0_85 .array/port v0000024fc01388d0, 85;
v0000024fc01388d0_86 .array/port v0000024fc01388d0, 86;
E_0000024fc00a52e0/21 .event anyedge, v0000024fc01388d0_83, v0000024fc01388d0_84, v0000024fc01388d0_85, v0000024fc01388d0_86;
v0000024fc01388d0_87 .array/port v0000024fc01388d0, 87;
v0000024fc01388d0_88 .array/port v0000024fc01388d0, 88;
v0000024fc01388d0_89 .array/port v0000024fc01388d0, 89;
v0000024fc01388d0_90 .array/port v0000024fc01388d0, 90;
E_0000024fc00a52e0/22 .event anyedge, v0000024fc01388d0_87, v0000024fc01388d0_88, v0000024fc01388d0_89, v0000024fc01388d0_90;
v0000024fc01388d0_91 .array/port v0000024fc01388d0, 91;
v0000024fc01388d0_92 .array/port v0000024fc01388d0, 92;
v0000024fc01388d0_93 .array/port v0000024fc01388d0, 93;
v0000024fc01388d0_94 .array/port v0000024fc01388d0, 94;
E_0000024fc00a52e0/23 .event anyedge, v0000024fc01388d0_91, v0000024fc01388d0_92, v0000024fc01388d0_93, v0000024fc01388d0_94;
v0000024fc01388d0_95 .array/port v0000024fc01388d0, 95;
v0000024fc01388d0_96 .array/port v0000024fc01388d0, 96;
v0000024fc01388d0_97 .array/port v0000024fc01388d0, 97;
v0000024fc01388d0_98 .array/port v0000024fc01388d0, 98;
E_0000024fc00a52e0/24 .event anyedge, v0000024fc01388d0_95, v0000024fc01388d0_96, v0000024fc01388d0_97, v0000024fc01388d0_98;
v0000024fc01388d0_99 .array/port v0000024fc01388d0, 99;
v0000024fc01388d0_100 .array/port v0000024fc01388d0, 100;
v0000024fc01388d0_101 .array/port v0000024fc01388d0, 101;
v0000024fc01388d0_102 .array/port v0000024fc01388d0, 102;
E_0000024fc00a52e0/25 .event anyedge, v0000024fc01388d0_99, v0000024fc01388d0_100, v0000024fc01388d0_101, v0000024fc01388d0_102;
v0000024fc01388d0_103 .array/port v0000024fc01388d0, 103;
v0000024fc01388d0_104 .array/port v0000024fc01388d0, 104;
v0000024fc01388d0_105 .array/port v0000024fc01388d0, 105;
v0000024fc01388d0_106 .array/port v0000024fc01388d0, 106;
E_0000024fc00a52e0/26 .event anyedge, v0000024fc01388d0_103, v0000024fc01388d0_104, v0000024fc01388d0_105, v0000024fc01388d0_106;
v0000024fc01388d0_107 .array/port v0000024fc01388d0, 107;
v0000024fc01388d0_108 .array/port v0000024fc01388d0, 108;
v0000024fc01388d0_109 .array/port v0000024fc01388d0, 109;
v0000024fc01388d0_110 .array/port v0000024fc01388d0, 110;
E_0000024fc00a52e0/27 .event anyedge, v0000024fc01388d0_107, v0000024fc01388d0_108, v0000024fc01388d0_109, v0000024fc01388d0_110;
v0000024fc01388d0_111 .array/port v0000024fc01388d0, 111;
v0000024fc01388d0_112 .array/port v0000024fc01388d0, 112;
v0000024fc01388d0_113 .array/port v0000024fc01388d0, 113;
v0000024fc01388d0_114 .array/port v0000024fc01388d0, 114;
E_0000024fc00a52e0/28 .event anyedge, v0000024fc01388d0_111, v0000024fc01388d0_112, v0000024fc01388d0_113, v0000024fc01388d0_114;
v0000024fc01388d0_115 .array/port v0000024fc01388d0, 115;
v0000024fc01388d0_116 .array/port v0000024fc01388d0, 116;
v0000024fc01388d0_117 .array/port v0000024fc01388d0, 117;
v0000024fc01388d0_118 .array/port v0000024fc01388d0, 118;
E_0000024fc00a52e0/29 .event anyedge, v0000024fc01388d0_115, v0000024fc01388d0_116, v0000024fc01388d0_117, v0000024fc01388d0_118;
v0000024fc01388d0_119 .array/port v0000024fc01388d0, 119;
v0000024fc01388d0_120 .array/port v0000024fc01388d0, 120;
v0000024fc01388d0_121 .array/port v0000024fc01388d0, 121;
v0000024fc01388d0_122 .array/port v0000024fc01388d0, 122;
E_0000024fc00a52e0/30 .event anyedge, v0000024fc01388d0_119, v0000024fc01388d0_120, v0000024fc01388d0_121, v0000024fc01388d0_122;
v0000024fc01388d0_123 .array/port v0000024fc01388d0, 123;
v0000024fc01388d0_124 .array/port v0000024fc01388d0, 124;
v0000024fc01388d0_125 .array/port v0000024fc01388d0, 125;
v0000024fc01388d0_126 .array/port v0000024fc01388d0, 126;
E_0000024fc00a52e0/31 .event anyedge, v0000024fc01388d0_123, v0000024fc01388d0_124, v0000024fc01388d0_125, v0000024fc01388d0_126;
v0000024fc01388d0_127 .array/port v0000024fc01388d0, 127;
v0000024fc01388d0_128 .array/port v0000024fc01388d0, 128;
v0000024fc01388d0_129 .array/port v0000024fc01388d0, 129;
v0000024fc01388d0_130 .array/port v0000024fc01388d0, 130;
E_0000024fc00a52e0/32 .event anyedge, v0000024fc01388d0_127, v0000024fc01388d0_128, v0000024fc01388d0_129, v0000024fc01388d0_130;
v0000024fc01388d0_131 .array/port v0000024fc01388d0, 131;
v0000024fc01388d0_132 .array/port v0000024fc01388d0, 132;
v0000024fc01388d0_133 .array/port v0000024fc01388d0, 133;
v0000024fc01388d0_134 .array/port v0000024fc01388d0, 134;
E_0000024fc00a52e0/33 .event anyedge, v0000024fc01388d0_131, v0000024fc01388d0_132, v0000024fc01388d0_133, v0000024fc01388d0_134;
v0000024fc01388d0_135 .array/port v0000024fc01388d0, 135;
v0000024fc01388d0_136 .array/port v0000024fc01388d0, 136;
v0000024fc01388d0_137 .array/port v0000024fc01388d0, 137;
v0000024fc01388d0_138 .array/port v0000024fc01388d0, 138;
E_0000024fc00a52e0/34 .event anyedge, v0000024fc01388d0_135, v0000024fc01388d0_136, v0000024fc01388d0_137, v0000024fc01388d0_138;
v0000024fc01388d0_139 .array/port v0000024fc01388d0, 139;
v0000024fc01388d0_140 .array/port v0000024fc01388d0, 140;
v0000024fc01388d0_141 .array/port v0000024fc01388d0, 141;
v0000024fc01388d0_142 .array/port v0000024fc01388d0, 142;
E_0000024fc00a52e0/35 .event anyedge, v0000024fc01388d0_139, v0000024fc01388d0_140, v0000024fc01388d0_141, v0000024fc01388d0_142;
v0000024fc01388d0_143 .array/port v0000024fc01388d0, 143;
v0000024fc01388d0_144 .array/port v0000024fc01388d0, 144;
v0000024fc01388d0_145 .array/port v0000024fc01388d0, 145;
v0000024fc01388d0_146 .array/port v0000024fc01388d0, 146;
E_0000024fc00a52e0/36 .event anyedge, v0000024fc01388d0_143, v0000024fc01388d0_144, v0000024fc01388d0_145, v0000024fc01388d0_146;
v0000024fc01388d0_147 .array/port v0000024fc01388d0, 147;
v0000024fc01388d0_148 .array/port v0000024fc01388d0, 148;
v0000024fc01388d0_149 .array/port v0000024fc01388d0, 149;
v0000024fc01388d0_150 .array/port v0000024fc01388d0, 150;
E_0000024fc00a52e0/37 .event anyedge, v0000024fc01388d0_147, v0000024fc01388d0_148, v0000024fc01388d0_149, v0000024fc01388d0_150;
v0000024fc01388d0_151 .array/port v0000024fc01388d0, 151;
v0000024fc01388d0_152 .array/port v0000024fc01388d0, 152;
v0000024fc01388d0_153 .array/port v0000024fc01388d0, 153;
v0000024fc01388d0_154 .array/port v0000024fc01388d0, 154;
E_0000024fc00a52e0/38 .event anyedge, v0000024fc01388d0_151, v0000024fc01388d0_152, v0000024fc01388d0_153, v0000024fc01388d0_154;
v0000024fc01388d0_155 .array/port v0000024fc01388d0, 155;
v0000024fc01388d0_156 .array/port v0000024fc01388d0, 156;
v0000024fc01388d0_157 .array/port v0000024fc01388d0, 157;
v0000024fc01388d0_158 .array/port v0000024fc01388d0, 158;
E_0000024fc00a52e0/39 .event anyedge, v0000024fc01388d0_155, v0000024fc01388d0_156, v0000024fc01388d0_157, v0000024fc01388d0_158;
v0000024fc01388d0_159 .array/port v0000024fc01388d0, 159;
v0000024fc01388d0_160 .array/port v0000024fc01388d0, 160;
v0000024fc01388d0_161 .array/port v0000024fc01388d0, 161;
v0000024fc01388d0_162 .array/port v0000024fc01388d0, 162;
E_0000024fc00a52e0/40 .event anyedge, v0000024fc01388d0_159, v0000024fc01388d0_160, v0000024fc01388d0_161, v0000024fc01388d0_162;
v0000024fc01388d0_163 .array/port v0000024fc01388d0, 163;
v0000024fc01388d0_164 .array/port v0000024fc01388d0, 164;
v0000024fc01388d0_165 .array/port v0000024fc01388d0, 165;
v0000024fc01388d0_166 .array/port v0000024fc01388d0, 166;
E_0000024fc00a52e0/41 .event anyedge, v0000024fc01388d0_163, v0000024fc01388d0_164, v0000024fc01388d0_165, v0000024fc01388d0_166;
v0000024fc01388d0_167 .array/port v0000024fc01388d0, 167;
v0000024fc01388d0_168 .array/port v0000024fc01388d0, 168;
v0000024fc01388d0_169 .array/port v0000024fc01388d0, 169;
v0000024fc01388d0_170 .array/port v0000024fc01388d0, 170;
E_0000024fc00a52e0/42 .event anyedge, v0000024fc01388d0_167, v0000024fc01388d0_168, v0000024fc01388d0_169, v0000024fc01388d0_170;
v0000024fc01388d0_171 .array/port v0000024fc01388d0, 171;
v0000024fc01388d0_172 .array/port v0000024fc01388d0, 172;
v0000024fc01388d0_173 .array/port v0000024fc01388d0, 173;
v0000024fc01388d0_174 .array/port v0000024fc01388d0, 174;
E_0000024fc00a52e0/43 .event anyedge, v0000024fc01388d0_171, v0000024fc01388d0_172, v0000024fc01388d0_173, v0000024fc01388d0_174;
v0000024fc01388d0_175 .array/port v0000024fc01388d0, 175;
v0000024fc01388d0_176 .array/port v0000024fc01388d0, 176;
v0000024fc01388d0_177 .array/port v0000024fc01388d0, 177;
v0000024fc01388d0_178 .array/port v0000024fc01388d0, 178;
E_0000024fc00a52e0/44 .event anyedge, v0000024fc01388d0_175, v0000024fc01388d0_176, v0000024fc01388d0_177, v0000024fc01388d0_178;
v0000024fc01388d0_179 .array/port v0000024fc01388d0, 179;
v0000024fc01388d0_180 .array/port v0000024fc01388d0, 180;
v0000024fc01388d0_181 .array/port v0000024fc01388d0, 181;
v0000024fc01388d0_182 .array/port v0000024fc01388d0, 182;
E_0000024fc00a52e0/45 .event anyedge, v0000024fc01388d0_179, v0000024fc01388d0_180, v0000024fc01388d0_181, v0000024fc01388d0_182;
v0000024fc01388d0_183 .array/port v0000024fc01388d0, 183;
v0000024fc01388d0_184 .array/port v0000024fc01388d0, 184;
v0000024fc01388d0_185 .array/port v0000024fc01388d0, 185;
v0000024fc01388d0_186 .array/port v0000024fc01388d0, 186;
E_0000024fc00a52e0/46 .event anyedge, v0000024fc01388d0_183, v0000024fc01388d0_184, v0000024fc01388d0_185, v0000024fc01388d0_186;
v0000024fc01388d0_187 .array/port v0000024fc01388d0, 187;
v0000024fc01388d0_188 .array/port v0000024fc01388d0, 188;
v0000024fc01388d0_189 .array/port v0000024fc01388d0, 189;
v0000024fc01388d0_190 .array/port v0000024fc01388d0, 190;
E_0000024fc00a52e0/47 .event anyedge, v0000024fc01388d0_187, v0000024fc01388d0_188, v0000024fc01388d0_189, v0000024fc01388d0_190;
v0000024fc01388d0_191 .array/port v0000024fc01388d0, 191;
v0000024fc01388d0_192 .array/port v0000024fc01388d0, 192;
v0000024fc01388d0_193 .array/port v0000024fc01388d0, 193;
v0000024fc01388d0_194 .array/port v0000024fc01388d0, 194;
E_0000024fc00a52e0/48 .event anyedge, v0000024fc01388d0_191, v0000024fc01388d0_192, v0000024fc01388d0_193, v0000024fc01388d0_194;
v0000024fc01388d0_195 .array/port v0000024fc01388d0, 195;
v0000024fc01388d0_196 .array/port v0000024fc01388d0, 196;
v0000024fc01388d0_197 .array/port v0000024fc01388d0, 197;
v0000024fc01388d0_198 .array/port v0000024fc01388d0, 198;
E_0000024fc00a52e0/49 .event anyedge, v0000024fc01388d0_195, v0000024fc01388d0_196, v0000024fc01388d0_197, v0000024fc01388d0_198;
v0000024fc01388d0_199 .array/port v0000024fc01388d0, 199;
v0000024fc01388d0_200 .array/port v0000024fc01388d0, 200;
v0000024fc01388d0_201 .array/port v0000024fc01388d0, 201;
v0000024fc01388d0_202 .array/port v0000024fc01388d0, 202;
E_0000024fc00a52e0/50 .event anyedge, v0000024fc01388d0_199, v0000024fc01388d0_200, v0000024fc01388d0_201, v0000024fc01388d0_202;
v0000024fc01388d0_203 .array/port v0000024fc01388d0, 203;
v0000024fc01388d0_204 .array/port v0000024fc01388d0, 204;
v0000024fc01388d0_205 .array/port v0000024fc01388d0, 205;
v0000024fc01388d0_206 .array/port v0000024fc01388d0, 206;
E_0000024fc00a52e0/51 .event anyedge, v0000024fc01388d0_203, v0000024fc01388d0_204, v0000024fc01388d0_205, v0000024fc01388d0_206;
v0000024fc01388d0_207 .array/port v0000024fc01388d0, 207;
v0000024fc01388d0_208 .array/port v0000024fc01388d0, 208;
v0000024fc01388d0_209 .array/port v0000024fc01388d0, 209;
v0000024fc01388d0_210 .array/port v0000024fc01388d0, 210;
E_0000024fc00a52e0/52 .event anyedge, v0000024fc01388d0_207, v0000024fc01388d0_208, v0000024fc01388d0_209, v0000024fc01388d0_210;
v0000024fc01388d0_211 .array/port v0000024fc01388d0, 211;
v0000024fc01388d0_212 .array/port v0000024fc01388d0, 212;
v0000024fc01388d0_213 .array/port v0000024fc01388d0, 213;
v0000024fc01388d0_214 .array/port v0000024fc01388d0, 214;
E_0000024fc00a52e0/53 .event anyedge, v0000024fc01388d0_211, v0000024fc01388d0_212, v0000024fc01388d0_213, v0000024fc01388d0_214;
v0000024fc01388d0_215 .array/port v0000024fc01388d0, 215;
v0000024fc01388d0_216 .array/port v0000024fc01388d0, 216;
v0000024fc01388d0_217 .array/port v0000024fc01388d0, 217;
v0000024fc01388d0_218 .array/port v0000024fc01388d0, 218;
E_0000024fc00a52e0/54 .event anyedge, v0000024fc01388d0_215, v0000024fc01388d0_216, v0000024fc01388d0_217, v0000024fc01388d0_218;
v0000024fc01388d0_219 .array/port v0000024fc01388d0, 219;
v0000024fc01388d0_220 .array/port v0000024fc01388d0, 220;
v0000024fc01388d0_221 .array/port v0000024fc01388d0, 221;
v0000024fc01388d0_222 .array/port v0000024fc01388d0, 222;
E_0000024fc00a52e0/55 .event anyedge, v0000024fc01388d0_219, v0000024fc01388d0_220, v0000024fc01388d0_221, v0000024fc01388d0_222;
v0000024fc01388d0_223 .array/port v0000024fc01388d0, 223;
v0000024fc01388d0_224 .array/port v0000024fc01388d0, 224;
v0000024fc01388d0_225 .array/port v0000024fc01388d0, 225;
v0000024fc01388d0_226 .array/port v0000024fc01388d0, 226;
E_0000024fc00a52e0/56 .event anyedge, v0000024fc01388d0_223, v0000024fc01388d0_224, v0000024fc01388d0_225, v0000024fc01388d0_226;
v0000024fc01388d0_227 .array/port v0000024fc01388d0, 227;
v0000024fc01388d0_228 .array/port v0000024fc01388d0, 228;
v0000024fc01388d0_229 .array/port v0000024fc01388d0, 229;
v0000024fc01388d0_230 .array/port v0000024fc01388d0, 230;
E_0000024fc00a52e0/57 .event anyedge, v0000024fc01388d0_227, v0000024fc01388d0_228, v0000024fc01388d0_229, v0000024fc01388d0_230;
v0000024fc01388d0_231 .array/port v0000024fc01388d0, 231;
v0000024fc01388d0_232 .array/port v0000024fc01388d0, 232;
v0000024fc01388d0_233 .array/port v0000024fc01388d0, 233;
v0000024fc01388d0_234 .array/port v0000024fc01388d0, 234;
E_0000024fc00a52e0/58 .event anyedge, v0000024fc01388d0_231, v0000024fc01388d0_232, v0000024fc01388d0_233, v0000024fc01388d0_234;
v0000024fc01388d0_235 .array/port v0000024fc01388d0, 235;
v0000024fc01388d0_236 .array/port v0000024fc01388d0, 236;
v0000024fc01388d0_237 .array/port v0000024fc01388d0, 237;
v0000024fc01388d0_238 .array/port v0000024fc01388d0, 238;
E_0000024fc00a52e0/59 .event anyedge, v0000024fc01388d0_235, v0000024fc01388d0_236, v0000024fc01388d0_237, v0000024fc01388d0_238;
v0000024fc01388d0_239 .array/port v0000024fc01388d0, 239;
v0000024fc01388d0_240 .array/port v0000024fc01388d0, 240;
v0000024fc01388d0_241 .array/port v0000024fc01388d0, 241;
v0000024fc01388d0_242 .array/port v0000024fc01388d0, 242;
E_0000024fc00a52e0/60 .event anyedge, v0000024fc01388d0_239, v0000024fc01388d0_240, v0000024fc01388d0_241, v0000024fc01388d0_242;
v0000024fc01388d0_243 .array/port v0000024fc01388d0, 243;
v0000024fc01388d0_244 .array/port v0000024fc01388d0, 244;
v0000024fc01388d0_245 .array/port v0000024fc01388d0, 245;
v0000024fc01388d0_246 .array/port v0000024fc01388d0, 246;
E_0000024fc00a52e0/61 .event anyedge, v0000024fc01388d0_243, v0000024fc01388d0_244, v0000024fc01388d0_245, v0000024fc01388d0_246;
v0000024fc01388d0_247 .array/port v0000024fc01388d0, 247;
v0000024fc01388d0_248 .array/port v0000024fc01388d0, 248;
v0000024fc01388d0_249 .array/port v0000024fc01388d0, 249;
v0000024fc01388d0_250 .array/port v0000024fc01388d0, 250;
E_0000024fc00a52e0/62 .event anyedge, v0000024fc01388d0_247, v0000024fc01388d0_248, v0000024fc01388d0_249, v0000024fc01388d0_250;
v0000024fc01388d0_251 .array/port v0000024fc01388d0, 251;
v0000024fc01388d0_252 .array/port v0000024fc01388d0, 252;
v0000024fc01388d0_253 .array/port v0000024fc01388d0, 253;
v0000024fc01388d0_254 .array/port v0000024fc01388d0, 254;
E_0000024fc00a52e0/63 .event anyedge, v0000024fc01388d0_251, v0000024fc01388d0_252, v0000024fc01388d0_253, v0000024fc01388d0_254;
v0000024fc01388d0_255 .array/port v0000024fc01388d0, 255;
v0000024fc01388d0_256 .array/port v0000024fc01388d0, 256;
v0000024fc01388d0_257 .array/port v0000024fc01388d0, 257;
v0000024fc01388d0_258 .array/port v0000024fc01388d0, 258;
E_0000024fc00a52e0/64 .event anyedge, v0000024fc01388d0_255, v0000024fc01388d0_256, v0000024fc01388d0_257, v0000024fc01388d0_258;
v0000024fc01388d0_259 .array/port v0000024fc01388d0, 259;
v0000024fc01388d0_260 .array/port v0000024fc01388d0, 260;
v0000024fc01388d0_261 .array/port v0000024fc01388d0, 261;
v0000024fc01388d0_262 .array/port v0000024fc01388d0, 262;
E_0000024fc00a52e0/65 .event anyedge, v0000024fc01388d0_259, v0000024fc01388d0_260, v0000024fc01388d0_261, v0000024fc01388d0_262;
v0000024fc01388d0_263 .array/port v0000024fc01388d0, 263;
v0000024fc01388d0_264 .array/port v0000024fc01388d0, 264;
v0000024fc01388d0_265 .array/port v0000024fc01388d0, 265;
v0000024fc01388d0_266 .array/port v0000024fc01388d0, 266;
E_0000024fc00a52e0/66 .event anyedge, v0000024fc01388d0_263, v0000024fc01388d0_264, v0000024fc01388d0_265, v0000024fc01388d0_266;
v0000024fc01388d0_267 .array/port v0000024fc01388d0, 267;
v0000024fc01388d0_268 .array/port v0000024fc01388d0, 268;
v0000024fc01388d0_269 .array/port v0000024fc01388d0, 269;
v0000024fc01388d0_270 .array/port v0000024fc01388d0, 270;
E_0000024fc00a52e0/67 .event anyedge, v0000024fc01388d0_267, v0000024fc01388d0_268, v0000024fc01388d0_269, v0000024fc01388d0_270;
v0000024fc01388d0_271 .array/port v0000024fc01388d0, 271;
v0000024fc01388d0_272 .array/port v0000024fc01388d0, 272;
v0000024fc01388d0_273 .array/port v0000024fc01388d0, 273;
v0000024fc01388d0_274 .array/port v0000024fc01388d0, 274;
E_0000024fc00a52e0/68 .event anyedge, v0000024fc01388d0_271, v0000024fc01388d0_272, v0000024fc01388d0_273, v0000024fc01388d0_274;
v0000024fc01388d0_275 .array/port v0000024fc01388d0, 275;
v0000024fc01388d0_276 .array/port v0000024fc01388d0, 276;
v0000024fc01388d0_277 .array/port v0000024fc01388d0, 277;
v0000024fc01388d0_278 .array/port v0000024fc01388d0, 278;
E_0000024fc00a52e0/69 .event anyedge, v0000024fc01388d0_275, v0000024fc01388d0_276, v0000024fc01388d0_277, v0000024fc01388d0_278;
v0000024fc01388d0_279 .array/port v0000024fc01388d0, 279;
v0000024fc01388d0_280 .array/port v0000024fc01388d0, 280;
v0000024fc01388d0_281 .array/port v0000024fc01388d0, 281;
v0000024fc01388d0_282 .array/port v0000024fc01388d0, 282;
E_0000024fc00a52e0/70 .event anyedge, v0000024fc01388d0_279, v0000024fc01388d0_280, v0000024fc01388d0_281, v0000024fc01388d0_282;
v0000024fc01388d0_283 .array/port v0000024fc01388d0, 283;
v0000024fc01388d0_284 .array/port v0000024fc01388d0, 284;
v0000024fc01388d0_285 .array/port v0000024fc01388d0, 285;
v0000024fc01388d0_286 .array/port v0000024fc01388d0, 286;
E_0000024fc00a52e0/71 .event anyedge, v0000024fc01388d0_283, v0000024fc01388d0_284, v0000024fc01388d0_285, v0000024fc01388d0_286;
v0000024fc01388d0_287 .array/port v0000024fc01388d0, 287;
v0000024fc01388d0_288 .array/port v0000024fc01388d0, 288;
v0000024fc01388d0_289 .array/port v0000024fc01388d0, 289;
v0000024fc01388d0_290 .array/port v0000024fc01388d0, 290;
E_0000024fc00a52e0/72 .event anyedge, v0000024fc01388d0_287, v0000024fc01388d0_288, v0000024fc01388d0_289, v0000024fc01388d0_290;
v0000024fc01388d0_291 .array/port v0000024fc01388d0, 291;
v0000024fc01388d0_292 .array/port v0000024fc01388d0, 292;
v0000024fc01388d0_293 .array/port v0000024fc01388d0, 293;
v0000024fc01388d0_294 .array/port v0000024fc01388d0, 294;
E_0000024fc00a52e0/73 .event anyedge, v0000024fc01388d0_291, v0000024fc01388d0_292, v0000024fc01388d0_293, v0000024fc01388d0_294;
v0000024fc01388d0_295 .array/port v0000024fc01388d0, 295;
v0000024fc01388d0_296 .array/port v0000024fc01388d0, 296;
v0000024fc01388d0_297 .array/port v0000024fc01388d0, 297;
v0000024fc01388d0_298 .array/port v0000024fc01388d0, 298;
E_0000024fc00a52e0/74 .event anyedge, v0000024fc01388d0_295, v0000024fc01388d0_296, v0000024fc01388d0_297, v0000024fc01388d0_298;
v0000024fc01388d0_299 .array/port v0000024fc01388d0, 299;
v0000024fc01388d0_300 .array/port v0000024fc01388d0, 300;
v0000024fc01388d0_301 .array/port v0000024fc01388d0, 301;
v0000024fc01388d0_302 .array/port v0000024fc01388d0, 302;
E_0000024fc00a52e0/75 .event anyedge, v0000024fc01388d0_299, v0000024fc01388d0_300, v0000024fc01388d0_301, v0000024fc01388d0_302;
v0000024fc01388d0_303 .array/port v0000024fc01388d0, 303;
v0000024fc01388d0_304 .array/port v0000024fc01388d0, 304;
v0000024fc01388d0_305 .array/port v0000024fc01388d0, 305;
v0000024fc01388d0_306 .array/port v0000024fc01388d0, 306;
E_0000024fc00a52e0/76 .event anyedge, v0000024fc01388d0_303, v0000024fc01388d0_304, v0000024fc01388d0_305, v0000024fc01388d0_306;
v0000024fc01388d0_307 .array/port v0000024fc01388d0, 307;
v0000024fc01388d0_308 .array/port v0000024fc01388d0, 308;
v0000024fc01388d0_309 .array/port v0000024fc01388d0, 309;
v0000024fc01388d0_310 .array/port v0000024fc01388d0, 310;
E_0000024fc00a52e0/77 .event anyedge, v0000024fc01388d0_307, v0000024fc01388d0_308, v0000024fc01388d0_309, v0000024fc01388d0_310;
v0000024fc01388d0_311 .array/port v0000024fc01388d0, 311;
v0000024fc01388d0_312 .array/port v0000024fc01388d0, 312;
v0000024fc01388d0_313 .array/port v0000024fc01388d0, 313;
v0000024fc01388d0_314 .array/port v0000024fc01388d0, 314;
E_0000024fc00a52e0/78 .event anyedge, v0000024fc01388d0_311, v0000024fc01388d0_312, v0000024fc01388d0_313, v0000024fc01388d0_314;
v0000024fc01388d0_315 .array/port v0000024fc01388d0, 315;
v0000024fc01388d0_316 .array/port v0000024fc01388d0, 316;
v0000024fc01388d0_317 .array/port v0000024fc01388d0, 317;
v0000024fc01388d0_318 .array/port v0000024fc01388d0, 318;
E_0000024fc00a52e0/79 .event anyedge, v0000024fc01388d0_315, v0000024fc01388d0_316, v0000024fc01388d0_317, v0000024fc01388d0_318;
v0000024fc01388d0_319 .array/port v0000024fc01388d0, 319;
v0000024fc01388d0_320 .array/port v0000024fc01388d0, 320;
v0000024fc01388d0_321 .array/port v0000024fc01388d0, 321;
v0000024fc01388d0_322 .array/port v0000024fc01388d0, 322;
E_0000024fc00a52e0/80 .event anyedge, v0000024fc01388d0_319, v0000024fc01388d0_320, v0000024fc01388d0_321, v0000024fc01388d0_322;
v0000024fc01388d0_323 .array/port v0000024fc01388d0, 323;
v0000024fc01388d0_324 .array/port v0000024fc01388d0, 324;
v0000024fc01388d0_325 .array/port v0000024fc01388d0, 325;
v0000024fc01388d0_326 .array/port v0000024fc01388d0, 326;
E_0000024fc00a52e0/81 .event anyedge, v0000024fc01388d0_323, v0000024fc01388d0_324, v0000024fc01388d0_325, v0000024fc01388d0_326;
v0000024fc01388d0_327 .array/port v0000024fc01388d0, 327;
v0000024fc01388d0_328 .array/port v0000024fc01388d0, 328;
v0000024fc01388d0_329 .array/port v0000024fc01388d0, 329;
v0000024fc01388d0_330 .array/port v0000024fc01388d0, 330;
E_0000024fc00a52e0/82 .event anyedge, v0000024fc01388d0_327, v0000024fc01388d0_328, v0000024fc01388d0_329, v0000024fc01388d0_330;
v0000024fc01388d0_331 .array/port v0000024fc01388d0, 331;
v0000024fc01388d0_332 .array/port v0000024fc01388d0, 332;
v0000024fc01388d0_333 .array/port v0000024fc01388d0, 333;
v0000024fc01388d0_334 .array/port v0000024fc01388d0, 334;
E_0000024fc00a52e0/83 .event anyedge, v0000024fc01388d0_331, v0000024fc01388d0_332, v0000024fc01388d0_333, v0000024fc01388d0_334;
v0000024fc01388d0_335 .array/port v0000024fc01388d0, 335;
v0000024fc01388d0_336 .array/port v0000024fc01388d0, 336;
v0000024fc01388d0_337 .array/port v0000024fc01388d0, 337;
v0000024fc01388d0_338 .array/port v0000024fc01388d0, 338;
E_0000024fc00a52e0/84 .event anyedge, v0000024fc01388d0_335, v0000024fc01388d0_336, v0000024fc01388d0_337, v0000024fc01388d0_338;
v0000024fc01388d0_339 .array/port v0000024fc01388d0, 339;
v0000024fc01388d0_340 .array/port v0000024fc01388d0, 340;
v0000024fc01388d0_341 .array/port v0000024fc01388d0, 341;
v0000024fc01388d0_342 .array/port v0000024fc01388d0, 342;
E_0000024fc00a52e0/85 .event anyedge, v0000024fc01388d0_339, v0000024fc01388d0_340, v0000024fc01388d0_341, v0000024fc01388d0_342;
v0000024fc01388d0_343 .array/port v0000024fc01388d0, 343;
v0000024fc01388d0_344 .array/port v0000024fc01388d0, 344;
v0000024fc01388d0_345 .array/port v0000024fc01388d0, 345;
v0000024fc01388d0_346 .array/port v0000024fc01388d0, 346;
E_0000024fc00a52e0/86 .event anyedge, v0000024fc01388d0_343, v0000024fc01388d0_344, v0000024fc01388d0_345, v0000024fc01388d0_346;
v0000024fc01388d0_347 .array/port v0000024fc01388d0, 347;
v0000024fc01388d0_348 .array/port v0000024fc01388d0, 348;
v0000024fc01388d0_349 .array/port v0000024fc01388d0, 349;
v0000024fc01388d0_350 .array/port v0000024fc01388d0, 350;
E_0000024fc00a52e0/87 .event anyedge, v0000024fc01388d0_347, v0000024fc01388d0_348, v0000024fc01388d0_349, v0000024fc01388d0_350;
v0000024fc01388d0_351 .array/port v0000024fc01388d0, 351;
v0000024fc01388d0_352 .array/port v0000024fc01388d0, 352;
v0000024fc01388d0_353 .array/port v0000024fc01388d0, 353;
v0000024fc01388d0_354 .array/port v0000024fc01388d0, 354;
E_0000024fc00a52e0/88 .event anyedge, v0000024fc01388d0_351, v0000024fc01388d0_352, v0000024fc01388d0_353, v0000024fc01388d0_354;
v0000024fc01388d0_355 .array/port v0000024fc01388d0, 355;
v0000024fc01388d0_356 .array/port v0000024fc01388d0, 356;
v0000024fc01388d0_357 .array/port v0000024fc01388d0, 357;
v0000024fc01388d0_358 .array/port v0000024fc01388d0, 358;
E_0000024fc00a52e0/89 .event anyedge, v0000024fc01388d0_355, v0000024fc01388d0_356, v0000024fc01388d0_357, v0000024fc01388d0_358;
v0000024fc01388d0_359 .array/port v0000024fc01388d0, 359;
v0000024fc01388d0_360 .array/port v0000024fc01388d0, 360;
v0000024fc01388d0_361 .array/port v0000024fc01388d0, 361;
v0000024fc01388d0_362 .array/port v0000024fc01388d0, 362;
E_0000024fc00a52e0/90 .event anyedge, v0000024fc01388d0_359, v0000024fc01388d0_360, v0000024fc01388d0_361, v0000024fc01388d0_362;
v0000024fc01388d0_363 .array/port v0000024fc01388d0, 363;
v0000024fc01388d0_364 .array/port v0000024fc01388d0, 364;
v0000024fc01388d0_365 .array/port v0000024fc01388d0, 365;
v0000024fc01388d0_366 .array/port v0000024fc01388d0, 366;
E_0000024fc00a52e0/91 .event anyedge, v0000024fc01388d0_363, v0000024fc01388d0_364, v0000024fc01388d0_365, v0000024fc01388d0_366;
v0000024fc01388d0_367 .array/port v0000024fc01388d0, 367;
v0000024fc01388d0_368 .array/port v0000024fc01388d0, 368;
v0000024fc01388d0_369 .array/port v0000024fc01388d0, 369;
v0000024fc01388d0_370 .array/port v0000024fc01388d0, 370;
E_0000024fc00a52e0/92 .event anyedge, v0000024fc01388d0_367, v0000024fc01388d0_368, v0000024fc01388d0_369, v0000024fc01388d0_370;
v0000024fc01388d0_371 .array/port v0000024fc01388d0, 371;
v0000024fc01388d0_372 .array/port v0000024fc01388d0, 372;
v0000024fc01388d0_373 .array/port v0000024fc01388d0, 373;
v0000024fc01388d0_374 .array/port v0000024fc01388d0, 374;
E_0000024fc00a52e0/93 .event anyedge, v0000024fc01388d0_371, v0000024fc01388d0_372, v0000024fc01388d0_373, v0000024fc01388d0_374;
v0000024fc01388d0_375 .array/port v0000024fc01388d0, 375;
v0000024fc01388d0_376 .array/port v0000024fc01388d0, 376;
v0000024fc01388d0_377 .array/port v0000024fc01388d0, 377;
v0000024fc01388d0_378 .array/port v0000024fc01388d0, 378;
E_0000024fc00a52e0/94 .event anyedge, v0000024fc01388d0_375, v0000024fc01388d0_376, v0000024fc01388d0_377, v0000024fc01388d0_378;
v0000024fc01388d0_379 .array/port v0000024fc01388d0, 379;
v0000024fc01388d0_380 .array/port v0000024fc01388d0, 380;
v0000024fc01388d0_381 .array/port v0000024fc01388d0, 381;
v0000024fc01388d0_382 .array/port v0000024fc01388d0, 382;
E_0000024fc00a52e0/95 .event anyedge, v0000024fc01388d0_379, v0000024fc01388d0_380, v0000024fc01388d0_381, v0000024fc01388d0_382;
v0000024fc01388d0_383 .array/port v0000024fc01388d0, 383;
v0000024fc01388d0_384 .array/port v0000024fc01388d0, 384;
v0000024fc01388d0_385 .array/port v0000024fc01388d0, 385;
v0000024fc01388d0_386 .array/port v0000024fc01388d0, 386;
E_0000024fc00a52e0/96 .event anyedge, v0000024fc01388d0_383, v0000024fc01388d0_384, v0000024fc01388d0_385, v0000024fc01388d0_386;
v0000024fc01388d0_387 .array/port v0000024fc01388d0, 387;
v0000024fc01388d0_388 .array/port v0000024fc01388d0, 388;
v0000024fc01388d0_389 .array/port v0000024fc01388d0, 389;
v0000024fc01388d0_390 .array/port v0000024fc01388d0, 390;
E_0000024fc00a52e0/97 .event anyedge, v0000024fc01388d0_387, v0000024fc01388d0_388, v0000024fc01388d0_389, v0000024fc01388d0_390;
v0000024fc01388d0_391 .array/port v0000024fc01388d0, 391;
v0000024fc01388d0_392 .array/port v0000024fc01388d0, 392;
v0000024fc01388d0_393 .array/port v0000024fc01388d0, 393;
v0000024fc01388d0_394 .array/port v0000024fc01388d0, 394;
E_0000024fc00a52e0/98 .event anyedge, v0000024fc01388d0_391, v0000024fc01388d0_392, v0000024fc01388d0_393, v0000024fc01388d0_394;
v0000024fc01388d0_395 .array/port v0000024fc01388d0, 395;
v0000024fc01388d0_396 .array/port v0000024fc01388d0, 396;
v0000024fc01388d0_397 .array/port v0000024fc01388d0, 397;
v0000024fc01388d0_398 .array/port v0000024fc01388d0, 398;
E_0000024fc00a52e0/99 .event anyedge, v0000024fc01388d0_395, v0000024fc01388d0_396, v0000024fc01388d0_397, v0000024fc01388d0_398;
v0000024fc01388d0_399 .array/port v0000024fc01388d0, 399;
v0000024fc01388d0_400 .array/port v0000024fc01388d0, 400;
v0000024fc01388d0_401 .array/port v0000024fc01388d0, 401;
v0000024fc01388d0_402 .array/port v0000024fc01388d0, 402;
E_0000024fc00a52e0/100 .event anyedge, v0000024fc01388d0_399, v0000024fc01388d0_400, v0000024fc01388d0_401, v0000024fc01388d0_402;
v0000024fc01388d0_403 .array/port v0000024fc01388d0, 403;
v0000024fc01388d0_404 .array/port v0000024fc01388d0, 404;
v0000024fc01388d0_405 .array/port v0000024fc01388d0, 405;
v0000024fc01388d0_406 .array/port v0000024fc01388d0, 406;
E_0000024fc00a52e0/101 .event anyedge, v0000024fc01388d0_403, v0000024fc01388d0_404, v0000024fc01388d0_405, v0000024fc01388d0_406;
v0000024fc01388d0_407 .array/port v0000024fc01388d0, 407;
v0000024fc01388d0_408 .array/port v0000024fc01388d0, 408;
v0000024fc01388d0_409 .array/port v0000024fc01388d0, 409;
v0000024fc01388d0_410 .array/port v0000024fc01388d0, 410;
E_0000024fc00a52e0/102 .event anyedge, v0000024fc01388d0_407, v0000024fc01388d0_408, v0000024fc01388d0_409, v0000024fc01388d0_410;
v0000024fc01388d0_411 .array/port v0000024fc01388d0, 411;
v0000024fc01388d0_412 .array/port v0000024fc01388d0, 412;
v0000024fc01388d0_413 .array/port v0000024fc01388d0, 413;
v0000024fc01388d0_414 .array/port v0000024fc01388d0, 414;
E_0000024fc00a52e0/103 .event anyedge, v0000024fc01388d0_411, v0000024fc01388d0_412, v0000024fc01388d0_413, v0000024fc01388d0_414;
v0000024fc01388d0_415 .array/port v0000024fc01388d0, 415;
v0000024fc01388d0_416 .array/port v0000024fc01388d0, 416;
v0000024fc01388d0_417 .array/port v0000024fc01388d0, 417;
v0000024fc01388d0_418 .array/port v0000024fc01388d0, 418;
E_0000024fc00a52e0/104 .event anyedge, v0000024fc01388d0_415, v0000024fc01388d0_416, v0000024fc01388d0_417, v0000024fc01388d0_418;
v0000024fc01388d0_419 .array/port v0000024fc01388d0, 419;
v0000024fc01388d0_420 .array/port v0000024fc01388d0, 420;
v0000024fc01388d0_421 .array/port v0000024fc01388d0, 421;
v0000024fc01388d0_422 .array/port v0000024fc01388d0, 422;
E_0000024fc00a52e0/105 .event anyedge, v0000024fc01388d0_419, v0000024fc01388d0_420, v0000024fc01388d0_421, v0000024fc01388d0_422;
v0000024fc01388d0_423 .array/port v0000024fc01388d0, 423;
v0000024fc01388d0_424 .array/port v0000024fc01388d0, 424;
v0000024fc01388d0_425 .array/port v0000024fc01388d0, 425;
v0000024fc01388d0_426 .array/port v0000024fc01388d0, 426;
E_0000024fc00a52e0/106 .event anyedge, v0000024fc01388d0_423, v0000024fc01388d0_424, v0000024fc01388d0_425, v0000024fc01388d0_426;
v0000024fc01388d0_427 .array/port v0000024fc01388d0, 427;
v0000024fc01388d0_428 .array/port v0000024fc01388d0, 428;
v0000024fc01388d0_429 .array/port v0000024fc01388d0, 429;
v0000024fc01388d0_430 .array/port v0000024fc01388d0, 430;
E_0000024fc00a52e0/107 .event anyedge, v0000024fc01388d0_427, v0000024fc01388d0_428, v0000024fc01388d0_429, v0000024fc01388d0_430;
v0000024fc01388d0_431 .array/port v0000024fc01388d0, 431;
v0000024fc01388d0_432 .array/port v0000024fc01388d0, 432;
v0000024fc01388d0_433 .array/port v0000024fc01388d0, 433;
v0000024fc01388d0_434 .array/port v0000024fc01388d0, 434;
E_0000024fc00a52e0/108 .event anyedge, v0000024fc01388d0_431, v0000024fc01388d0_432, v0000024fc01388d0_433, v0000024fc01388d0_434;
v0000024fc01388d0_435 .array/port v0000024fc01388d0, 435;
v0000024fc01388d0_436 .array/port v0000024fc01388d0, 436;
v0000024fc01388d0_437 .array/port v0000024fc01388d0, 437;
v0000024fc01388d0_438 .array/port v0000024fc01388d0, 438;
E_0000024fc00a52e0/109 .event anyedge, v0000024fc01388d0_435, v0000024fc01388d0_436, v0000024fc01388d0_437, v0000024fc01388d0_438;
v0000024fc01388d0_439 .array/port v0000024fc01388d0, 439;
v0000024fc01388d0_440 .array/port v0000024fc01388d0, 440;
v0000024fc01388d0_441 .array/port v0000024fc01388d0, 441;
v0000024fc01388d0_442 .array/port v0000024fc01388d0, 442;
E_0000024fc00a52e0/110 .event anyedge, v0000024fc01388d0_439, v0000024fc01388d0_440, v0000024fc01388d0_441, v0000024fc01388d0_442;
v0000024fc01388d0_443 .array/port v0000024fc01388d0, 443;
v0000024fc01388d0_444 .array/port v0000024fc01388d0, 444;
v0000024fc01388d0_445 .array/port v0000024fc01388d0, 445;
v0000024fc01388d0_446 .array/port v0000024fc01388d0, 446;
E_0000024fc00a52e0/111 .event anyedge, v0000024fc01388d0_443, v0000024fc01388d0_444, v0000024fc01388d0_445, v0000024fc01388d0_446;
v0000024fc01388d0_447 .array/port v0000024fc01388d0, 447;
v0000024fc01388d0_448 .array/port v0000024fc01388d0, 448;
v0000024fc01388d0_449 .array/port v0000024fc01388d0, 449;
v0000024fc01388d0_450 .array/port v0000024fc01388d0, 450;
E_0000024fc00a52e0/112 .event anyedge, v0000024fc01388d0_447, v0000024fc01388d0_448, v0000024fc01388d0_449, v0000024fc01388d0_450;
v0000024fc01388d0_451 .array/port v0000024fc01388d0, 451;
v0000024fc01388d0_452 .array/port v0000024fc01388d0, 452;
v0000024fc01388d0_453 .array/port v0000024fc01388d0, 453;
v0000024fc01388d0_454 .array/port v0000024fc01388d0, 454;
E_0000024fc00a52e0/113 .event anyedge, v0000024fc01388d0_451, v0000024fc01388d0_452, v0000024fc01388d0_453, v0000024fc01388d0_454;
v0000024fc01388d0_455 .array/port v0000024fc01388d0, 455;
v0000024fc01388d0_456 .array/port v0000024fc01388d0, 456;
v0000024fc01388d0_457 .array/port v0000024fc01388d0, 457;
v0000024fc01388d0_458 .array/port v0000024fc01388d0, 458;
E_0000024fc00a52e0/114 .event anyedge, v0000024fc01388d0_455, v0000024fc01388d0_456, v0000024fc01388d0_457, v0000024fc01388d0_458;
v0000024fc01388d0_459 .array/port v0000024fc01388d0, 459;
v0000024fc01388d0_460 .array/port v0000024fc01388d0, 460;
v0000024fc01388d0_461 .array/port v0000024fc01388d0, 461;
v0000024fc01388d0_462 .array/port v0000024fc01388d0, 462;
E_0000024fc00a52e0/115 .event anyedge, v0000024fc01388d0_459, v0000024fc01388d0_460, v0000024fc01388d0_461, v0000024fc01388d0_462;
v0000024fc01388d0_463 .array/port v0000024fc01388d0, 463;
v0000024fc01388d0_464 .array/port v0000024fc01388d0, 464;
v0000024fc01388d0_465 .array/port v0000024fc01388d0, 465;
v0000024fc01388d0_466 .array/port v0000024fc01388d0, 466;
E_0000024fc00a52e0/116 .event anyedge, v0000024fc01388d0_463, v0000024fc01388d0_464, v0000024fc01388d0_465, v0000024fc01388d0_466;
v0000024fc01388d0_467 .array/port v0000024fc01388d0, 467;
v0000024fc01388d0_468 .array/port v0000024fc01388d0, 468;
v0000024fc01388d0_469 .array/port v0000024fc01388d0, 469;
v0000024fc01388d0_470 .array/port v0000024fc01388d0, 470;
E_0000024fc00a52e0/117 .event anyedge, v0000024fc01388d0_467, v0000024fc01388d0_468, v0000024fc01388d0_469, v0000024fc01388d0_470;
v0000024fc01388d0_471 .array/port v0000024fc01388d0, 471;
v0000024fc01388d0_472 .array/port v0000024fc01388d0, 472;
v0000024fc01388d0_473 .array/port v0000024fc01388d0, 473;
v0000024fc01388d0_474 .array/port v0000024fc01388d0, 474;
E_0000024fc00a52e0/118 .event anyedge, v0000024fc01388d0_471, v0000024fc01388d0_472, v0000024fc01388d0_473, v0000024fc01388d0_474;
v0000024fc01388d0_475 .array/port v0000024fc01388d0, 475;
v0000024fc01388d0_476 .array/port v0000024fc01388d0, 476;
v0000024fc01388d0_477 .array/port v0000024fc01388d0, 477;
v0000024fc01388d0_478 .array/port v0000024fc01388d0, 478;
E_0000024fc00a52e0/119 .event anyedge, v0000024fc01388d0_475, v0000024fc01388d0_476, v0000024fc01388d0_477, v0000024fc01388d0_478;
v0000024fc01388d0_479 .array/port v0000024fc01388d0, 479;
v0000024fc01388d0_480 .array/port v0000024fc01388d0, 480;
v0000024fc01388d0_481 .array/port v0000024fc01388d0, 481;
v0000024fc01388d0_482 .array/port v0000024fc01388d0, 482;
E_0000024fc00a52e0/120 .event anyedge, v0000024fc01388d0_479, v0000024fc01388d0_480, v0000024fc01388d0_481, v0000024fc01388d0_482;
v0000024fc01388d0_483 .array/port v0000024fc01388d0, 483;
v0000024fc01388d0_484 .array/port v0000024fc01388d0, 484;
v0000024fc01388d0_485 .array/port v0000024fc01388d0, 485;
v0000024fc01388d0_486 .array/port v0000024fc01388d0, 486;
E_0000024fc00a52e0/121 .event anyedge, v0000024fc01388d0_483, v0000024fc01388d0_484, v0000024fc01388d0_485, v0000024fc01388d0_486;
v0000024fc01388d0_487 .array/port v0000024fc01388d0, 487;
v0000024fc01388d0_488 .array/port v0000024fc01388d0, 488;
v0000024fc01388d0_489 .array/port v0000024fc01388d0, 489;
v0000024fc01388d0_490 .array/port v0000024fc01388d0, 490;
E_0000024fc00a52e0/122 .event anyedge, v0000024fc01388d0_487, v0000024fc01388d0_488, v0000024fc01388d0_489, v0000024fc01388d0_490;
v0000024fc01388d0_491 .array/port v0000024fc01388d0, 491;
v0000024fc01388d0_492 .array/port v0000024fc01388d0, 492;
v0000024fc01388d0_493 .array/port v0000024fc01388d0, 493;
v0000024fc01388d0_494 .array/port v0000024fc01388d0, 494;
E_0000024fc00a52e0/123 .event anyedge, v0000024fc01388d0_491, v0000024fc01388d0_492, v0000024fc01388d0_493, v0000024fc01388d0_494;
v0000024fc01388d0_495 .array/port v0000024fc01388d0, 495;
v0000024fc01388d0_496 .array/port v0000024fc01388d0, 496;
v0000024fc01388d0_497 .array/port v0000024fc01388d0, 497;
v0000024fc01388d0_498 .array/port v0000024fc01388d0, 498;
E_0000024fc00a52e0/124 .event anyedge, v0000024fc01388d0_495, v0000024fc01388d0_496, v0000024fc01388d0_497, v0000024fc01388d0_498;
v0000024fc01388d0_499 .array/port v0000024fc01388d0, 499;
v0000024fc01388d0_500 .array/port v0000024fc01388d0, 500;
v0000024fc01388d0_501 .array/port v0000024fc01388d0, 501;
v0000024fc01388d0_502 .array/port v0000024fc01388d0, 502;
E_0000024fc00a52e0/125 .event anyedge, v0000024fc01388d0_499, v0000024fc01388d0_500, v0000024fc01388d0_501, v0000024fc01388d0_502;
v0000024fc01388d0_503 .array/port v0000024fc01388d0, 503;
v0000024fc01388d0_504 .array/port v0000024fc01388d0, 504;
v0000024fc01388d0_505 .array/port v0000024fc01388d0, 505;
v0000024fc01388d0_506 .array/port v0000024fc01388d0, 506;
E_0000024fc00a52e0/126 .event anyedge, v0000024fc01388d0_503, v0000024fc01388d0_504, v0000024fc01388d0_505, v0000024fc01388d0_506;
v0000024fc01388d0_507 .array/port v0000024fc01388d0, 507;
v0000024fc01388d0_508 .array/port v0000024fc01388d0, 508;
v0000024fc01388d0_509 .array/port v0000024fc01388d0, 509;
v0000024fc01388d0_510 .array/port v0000024fc01388d0, 510;
E_0000024fc00a52e0/127 .event anyedge, v0000024fc01388d0_507, v0000024fc01388d0_508, v0000024fc01388d0_509, v0000024fc01388d0_510;
v0000024fc01388d0_511 .array/port v0000024fc01388d0, 511;
v0000024fc01388d0_512 .array/port v0000024fc01388d0, 512;
v0000024fc01388d0_513 .array/port v0000024fc01388d0, 513;
v0000024fc01388d0_514 .array/port v0000024fc01388d0, 514;
E_0000024fc00a52e0/128 .event anyedge, v0000024fc01388d0_511, v0000024fc01388d0_512, v0000024fc01388d0_513, v0000024fc01388d0_514;
v0000024fc01388d0_515 .array/port v0000024fc01388d0, 515;
v0000024fc01388d0_516 .array/port v0000024fc01388d0, 516;
v0000024fc01388d0_517 .array/port v0000024fc01388d0, 517;
v0000024fc01388d0_518 .array/port v0000024fc01388d0, 518;
E_0000024fc00a52e0/129 .event anyedge, v0000024fc01388d0_515, v0000024fc01388d0_516, v0000024fc01388d0_517, v0000024fc01388d0_518;
v0000024fc01388d0_519 .array/port v0000024fc01388d0, 519;
v0000024fc01388d0_520 .array/port v0000024fc01388d0, 520;
v0000024fc01388d0_521 .array/port v0000024fc01388d0, 521;
v0000024fc01388d0_522 .array/port v0000024fc01388d0, 522;
E_0000024fc00a52e0/130 .event anyedge, v0000024fc01388d0_519, v0000024fc01388d0_520, v0000024fc01388d0_521, v0000024fc01388d0_522;
v0000024fc01388d0_523 .array/port v0000024fc01388d0, 523;
v0000024fc01388d0_524 .array/port v0000024fc01388d0, 524;
v0000024fc01388d0_525 .array/port v0000024fc01388d0, 525;
v0000024fc01388d0_526 .array/port v0000024fc01388d0, 526;
E_0000024fc00a52e0/131 .event anyedge, v0000024fc01388d0_523, v0000024fc01388d0_524, v0000024fc01388d0_525, v0000024fc01388d0_526;
v0000024fc01388d0_527 .array/port v0000024fc01388d0, 527;
v0000024fc01388d0_528 .array/port v0000024fc01388d0, 528;
v0000024fc01388d0_529 .array/port v0000024fc01388d0, 529;
v0000024fc01388d0_530 .array/port v0000024fc01388d0, 530;
E_0000024fc00a52e0/132 .event anyedge, v0000024fc01388d0_527, v0000024fc01388d0_528, v0000024fc01388d0_529, v0000024fc01388d0_530;
v0000024fc01388d0_531 .array/port v0000024fc01388d0, 531;
v0000024fc01388d0_532 .array/port v0000024fc01388d0, 532;
v0000024fc01388d0_533 .array/port v0000024fc01388d0, 533;
v0000024fc01388d0_534 .array/port v0000024fc01388d0, 534;
E_0000024fc00a52e0/133 .event anyedge, v0000024fc01388d0_531, v0000024fc01388d0_532, v0000024fc01388d0_533, v0000024fc01388d0_534;
v0000024fc01388d0_535 .array/port v0000024fc01388d0, 535;
v0000024fc01388d0_536 .array/port v0000024fc01388d0, 536;
v0000024fc01388d0_537 .array/port v0000024fc01388d0, 537;
v0000024fc01388d0_538 .array/port v0000024fc01388d0, 538;
E_0000024fc00a52e0/134 .event anyedge, v0000024fc01388d0_535, v0000024fc01388d0_536, v0000024fc01388d0_537, v0000024fc01388d0_538;
v0000024fc01388d0_539 .array/port v0000024fc01388d0, 539;
v0000024fc01388d0_540 .array/port v0000024fc01388d0, 540;
v0000024fc01388d0_541 .array/port v0000024fc01388d0, 541;
v0000024fc01388d0_542 .array/port v0000024fc01388d0, 542;
E_0000024fc00a52e0/135 .event anyedge, v0000024fc01388d0_539, v0000024fc01388d0_540, v0000024fc01388d0_541, v0000024fc01388d0_542;
v0000024fc01388d0_543 .array/port v0000024fc01388d0, 543;
v0000024fc01388d0_544 .array/port v0000024fc01388d0, 544;
v0000024fc01388d0_545 .array/port v0000024fc01388d0, 545;
v0000024fc01388d0_546 .array/port v0000024fc01388d0, 546;
E_0000024fc00a52e0/136 .event anyedge, v0000024fc01388d0_543, v0000024fc01388d0_544, v0000024fc01388d0_545, v0000024fc01388d0_546;
v0000024fc01388d0_547 .array/port v0000024fc01388d0, 547;
v0000024fc01388d0_548 .array/port v0000024fc01388d0, 548;
v0000024fc01388d0_549 .array/port v0000024fc01388d0, 549;
v0000024fc01388d0_550 .array/port v0000024fc01388d0, 550;
E_0000024fc00a52e0/137 .event anyedge, v0000024fc01388d0_547, v0000024fc01388d0_548, v0000024fc01388d0_549, v0000024fc01388d0_550;
v0000024fc01388d0_551 .array/port v0000024fc01388d0, 551;
v0000024fc01388d0_552 .array/port v0000024fc01388d0, 552;
v0000024fc01388d0_553 .array/port v0000024fc01388d0, 553;
v0000024fc01388d0_554 .array/port v0000024fc01388d0, 554;
E_0000024fc00a52e0/138 .event anyedge, v0000024fc01388d0_551, v0000024fc01388d0_552, v0000024fc01388d0_553, v0000024fc01388d0_554;
v0000024fc01388d0_555 .array/port v0000024fc01388d0, 555;
v0000024fc01388d0_556 .array/port v0000024fc01388d0, 556;
v0000024fc01388d0_557 .array/port v0000024fc01388d0, 557;
v0000024fc01388d0_558 .array/port v0000024fc01388d0, 558;
E_0000024fc00a52e0/139 .event anyedge, v0000024fc01388d0_555, v0000024fc01388d0_556, v0000024fc01388d0_557, v0000024fc01388d0_558;
v0000024fc01388d0_559 .array/port v0000024fc01388d0, 559;
v0000024fc01388d0_560 .array/port v0000024fc01388d0, 560;
v0000024fc01388d0_561 .array/port v0000024fc01388d0, 561;
v0000024fc01388d0_562 .array/port v0000024fc01388d0, 562;
E_0000024fc00a52e0/140 .event anyedge, v0000024fc01388d0_559, v0000024fc01388d0_560, v0000024fc01388d0_561, v0000024fc01388d0_562;
v0000024fc01388d0_563 .array/port v0000024fc01388d0, 563;
v0000024fc01388d0_564 .array/port v0000024fc01388d0, 564;
v0000024fc01388d0_565 .array/port v0000024fc01388d0, 565;
v0000024fc01388d0_566 .array/port v0000024fc01388d0, 566;
E_0000024fc00a52e0/141 .event anyedge, v0000024fc01388d0_563, v0000024fc01388d0_564, v0000024fc01388d0_565, v0000024fc01388d0_566;
v0000024fc01388d0_567 .array/port v0000024fc01388d0, 567;
v0000024fc01388d0_568 .array/port v0000024fc01388d0, 568;
v0000024fc01388d0_569 .array/port v0000024fc01388d0, 569;
v0000024fc01388d0_570 .array/port v0000024fc01388d0, 570;
E_0000024fc00a52e0/142 .event anyedge, v0000024fc01388d0_567, v0000024fc01388d0_568, v0000024fc01388d0_569, v0000024fc01388d0_570;
v0000024fc01388d0_571 .array/port v0000024fc01388d0, 571;
v0000024fc01388d0_572 .array/port v0000024fc01388d0, 572;
v0000024fc01388d0_573 .array/port v0000024fc01388d0, 573;
v0000024fc01388d0_574 .array/port v0000024fc01388d0, 574;
E_0000024fc00a52e0/143 .event anyedge, v0000024fc01388d0_571, v0000024fc01388d0_572, v0000024fc01388d0_573, v0000024fc01388d0_574;
v0000024fc01388d0_575 .array/port v0000024fc01388d0, 575;
v0000024fc01388d0_576 .array/port v0000024fc01388d0, 576;
v0000024fc01388d0_577 .array/port v0000024fc01388d0, 577;
v0000024fc01388d0_578 .array/port v0000024fc01388d0, 578;
E_0000024fc00a52e0/144 .event anyedge, v0000024fc01388d0_575, v0000024fc01388d0_576, v0000024fc01388d0_577, v0000024fc01388d0_578;
v0000024fc01388d0_579 .array/port v0000024fc01388d0, 579;
v0000024fc01388d0_580 .array/port v0000024fc01388d0, 580;
v0000024fc01388d0_581 .array/port v0000024fc01388d0, 581;
v0000024fc01388d0_582 .array/port v0000024fc01388d0, 582;
E_0000024fc00a52e0/145 .event anyedge, v0000024fc01388d0_579, v0000024fc01388d0_580, v0000024fc01388d0_581, v0000024fc01388d0_582;
v0000024fc01388d0_583 .array/port v0000024fc01388d0, 583;
v0000024fc01388d0_584 .array/port v0000024fc01388d0, 584;
v0000024fc01388d0_585 .array/port v0000024fc01388d0, 585;
v0000024fc01388d0_586 .array/port v0000024fc01388d0, 586;
E_0000024fc00a52e0/146 .event anyedge, v0000024fc01388d0_583, v0000024fc01388d0_584, v0000024fc01388d0_585, v0000024fc01388d0_586;
v0000024fc01388d0_587 .array/port v0000024fc01388d0, 587;
v0000024fc01388d0_588 .array/port v0000024fc01388d0, 588;
v0000024fc01388d0_589 .array/port v0000024fc01388d0, 589;
v0000024fc01388d0_590 .array/port v0000024fc01388d0, 590;
E_0000024fc00a52e0/147 .event anyedge, v0000024fc01388d0_587, v0000024fc01388d0_588, v0000024fc01388d0_589, v0000024fc01388d0_590;
v0000024fc01388d0_591 .array/port v0000024fc01388d0, 591;
v0000024fc01388d0_592 .array/port v0000024fc01388d0, 592;
v0000024fc01388d0_593 .array/port v0000024fc01388d0, 593;
v0000024fc01388d0_594 .array/port v0000024fc01388d0, 594;
E_0000024fc00a52e0/148 .event anyedge, v0000024fc01388d0_591, v0000024fc01388d0_592, v0000024fc01388d0_593, v0000024fc01388d0_594;
v0000024fc01388d0_595 .array/port v0000024fc01388d0, 595;
v0000024fc01388d0_596 .array/port v0000024fc01388d0, 596;
v0000024fc01388d0_597 .array/port v0000024fc01388d0, 597;
v0000024fc01388d0_598 .array/port v0000024fc01388d0, 598;
E_0000024fc00a52e0/149 .event anyedge, v0000024fc01388d0_595, v0000024fc01388d0_596, v0000024fc01388d0_597, v0000024fc01388d0_598;
v0000024fc01388d0_599 .array/port v0000024fc01388d0, 599;
v0000024fc01388d0_600 .array/port v0000024fc01388d0, 600;
v0000024fc01388d0_601 .array/port v0000024fc01388d0, 601;
v0000024fc01388d0_602 .array/port v0000024fc01388d0, 602;
E_0000024fc00a52e0/150 .event anyedge, v0000024fc01388d0_599, v0000024fc01388d0_600, v0000024fc01388d0_601, v0000024fc01388d0_602;
v0000024fc01388d0_603 .array/port v0000024fc01388d0, 603;
v0000024fc01388d0_604 .array/port v0000024fc01388d0, 604;
v0000024fc01388d0_605 .array/port v0000024fc01388d0, 605;
v0000024fc01388d0_606 .array/port v0000024fc01388d0, 606;
E_0000024fc00a52e0/151 .event anyedge, v0000024fc01388d0_603, v0000024fc01388d0_604, v0000024fc01388d0_605, v0000024fc01388d0_606;
v0000024fc01388d0_607 .array/port v0000024fc01388d0, 607;
v0000024fc01388d0_608 .array/port v0000024fc01388d0, 608;
v0000024fc01388d0_609 .array/port v0000024fc01388d0, 609;
v0000024fc01388d0_610 .array/port v0000024fc01388d0, 610;
E_0000024fc00a52e0/152 .event anyedge, v0000024fc01388d0_607, v0000024fc01388d0_608, v0000024fc01388d0_609, v0000024fc01388d0_610;
v0000024fc01388d0_611 .array/port v0000024fc01388d0, 611;
v0000024fc01388d0_612 .array/port v0000024fc01388d0, 612;
v0000024fc01388d0_613 .array/port v0000024fc01388d0, 613;
v0000024fc01388d0_614 .array/port v0000024fc01388d0, 614;
E_0000024fc00a52e0/153 .event anyedge, v0000024fc01388d0_611, v0000024fc01388d0_612, v0000024fc01388d0_613, v0000024fc01388d0_614;
v0000024fc01388d0_615 .array/port v0000024fc01388d0, 615;
v0000024fc01388d0_616 .array/port v0000024fc01388d0, 616;
v0000024fc01388d0_617 .array/port v0000024fc01388d0, 617;
v0000024fc01388d0_618 .array/port v0000024fc01388d0, 618;
E_0000024fc00a52e0/154 .event anyedge, v0000024fc01388d0_615, v0000024fc01388d0_616, v0000024fc01388d0_617, v0000024fc01388d0_618;
v0000024fc01388d0_619 .array/port v0000024fc01388d0, 619;
v0000024fc01388d0_620 .array/port v0000024fc01388d0, 620;
v0000024fc01388d0_621 .array/port v0000024fc01388d0, 621;
v0000024fc01388d0_622 .array/port v0000024fc01388d0, 622;
E_0000024fc00a52e0/155 .event anyedge, v0000024fc01388d0_619, v0000024fc01388d0_620, v0000024fc01388d0_621, v0000024fc01388d0_622;
v0000024fc01388d0_623 .array/port v0000024fc01388d0, 623;
v0000024fc01388d0_624 .array/port v0000024fc01388d0, 624;
v0000024fc01388d0_625 .array/port v0000024fc01388d0, 625;
v0000024fc01388d0_626 .array/port v0000024fc01388d0, 626;
E_0000024fc00a52e0/156 .event anyedge, v0000024fc01388d0_623, v0000024fc01388d0_624, v0000024fc01388d0_625, v0000024fc01388d0_626;
v0000024fc01388d0_627 .array/port v0000024fc01388d0, 627;
v0000024fc01388d0_628 .array/port v0000024fc01388d0, 628;
v0000024fc01388d0_629 .array/port v0000024fc01388d0, 629;
v0000024fc01388d0_630 .array/port v0000024fc01388d0, 630;
E_0000024fc00a52e0/157 .event anyedge, v0000024fc01388d0_627, v0000024fc01388d0_628, v0000024fc01388d0_629, v0000024fc01388d0_630;
v0000024fc01388d0_631 .array/port v0000024fc01388d0, 631;
v0000024fc01388d0_632 .array/port v0000024fc01388d0, 632;
v0000024fc01388d0_633 .array/port v0000024fc01388d0, 633;
v0000024fc01388d0_634 .array/port v0000024fc01388d0, 634;
E_0000024fc00a52e0/158 .event anyedge, v0000024fc01388d0_631, v0000024fc01388d0_632, v0000024fc01388d0_633, v0000024fc01388d0_634;
v0000024fc01388d0_635 .array/port v0000024fc01388d0, 635;
v0000024fc01388d0_636 .array/port v0000024fc01388d0, 636;
v0000024fc01388d0_637 .array/port v0000024fc01388d0, 637;
v0000024fc01388d0_638 .array/port v0000024fc01388d0, 638;
E_0000024fc00a52e0/159 .event anyedge, v0000024fc01388d0_635, v0000024fc01388d0_636, v0000024fc01388d0_637, v0000024fc01388d0_638;
v0000024fc01388d0_639 .array/port v0000024fc01388d0, 639;
v0000024fc01388d0_640 .array/port v0000024fc01388d0, 640;
v0000024fc01388d0_641 .array/port v0000024fc01388d0, 641;
v0000024fc01388d0_642 .array/port v0000024fc01388d0, 642;
E_0000024fc00a52e0/160 .event anyedge, v0000024fc01388d0_639, v0000024fc01388d0_640, v0000024fc01388d0_641, v0000024fc01388d0_642;
v0000024fc01388d0_643 .array/port v0000024fc01388d0, 643;
v0000024fc01388d0_644 .array/port v0000024fc01388d0, 644;
v0000024fc01388d0_645 .array/port v0000024fc01388d0, 645;
v0000024fc01388d0_646 .array/port v0000024fc01388d0, 646;
E_0000024fc00a52e0/161 .event anyedge, v0000024fc01388d0_643, v0000024fc01388d0_644, v0000024fc01388d0_645, v0000024fc01388d0_646;
v0000024fc01388d0_647 .array/port v0000024fc01388d0, 647;
v0000024fc01388d0_648 .array/port v0000024fc01388d0, 648;
v0000024fc01388d0_649 .array/port v0000024fc01388d0, 649;
v0000024fc01388d0_650 .array/port v0000024fc01388d0, 650;
E_0000024fc00a52e0/162 .event anyedge, v0000024fc01388d0_647, v0000024fc01388d0_648, v0000024fc01388d0_649, v0000024fc01388d0_650;
v0000024fc01388d0_651 .array/port v0000024fc01388d0, 651;
v0000024fc01388d0_652 .array/port v0000024fc01388d0, 652;
v0000024fc01388d0_653 .array/port v0000024fc01388d0, 653;
v0000024fc01388d0_654 .array/port v0000024fc01388d0, 654;
E_0000024fc00a52e0/163 .event anyedge, v0000024fc01388d0_651, v0000024fc01388d0_652, v0000024fc01388d0_653, v0000024fc01388d0_654;
v0000024fc01388d0_655 .array/port v0000024fc01388d0, 655;
v0000024fc01388d0_656 .array/port v0000024fc01388d0, 656;
v0000024fc01388d0_657 .array/port v0000024fc01388d0, 657;
v0000024fc01388d0_658 .array/port v0000024fc01388d0, 658;
E_0000024fc00a52e0/164 .event anyedge, v0000024fc01388d0_655, v0000024fc01388d0_656, v0000024fc01388d0_657, v0000024fc01388d0_658;
v0000024fc01388d0_659 .array/port v0000024fc01388d0, 659;
v0000024fc01388d0_660 .array/port v0000024fc01388d0, 660;
v0000024fc01388d0_661 .array/port v0000024fc01388d0, 661;
v0000024fc01388d0_662 .array/port v0000024fc01388d0, 662;
E_0000024fc00a52e0/165 .event anyedge, v0000024fc01388d0_659, v0000024fc01388d0_660, v0000024fc01388d0_661, v0000024fc01388d0_662;
v0000024fc01388d0_663 .array/port v0000024fc01388d0, 663;
v0000024fc01388d0_664 .array/port v0000024fc01388d0, 664;
v0000024fc01388d0_665 .array/port v0000024fc01388d0, 665;
v0000024fc01388d0_666 .array/port v0000024fc01388d0, 666;
E_0000024fc00a52e0/166 .event anyedge, v0000024fc01388d0_663, v0000024fc01388d0_664, v0000024fc01388d0_665, v0000024fc01388d0_666;
v0000024fc01388d0_667 .array/port v0000024fc01388d0, 667;
v0000024fc01388d0_668 .array/port v0000024fc01388d0, 668;
v0000024fc01388d0_669 .array/port v0000024fc01388d0, 669;
v0000024fc01388d0_670 .array/port v0000024fc01388d0, 670;
E_0000024fc00a52e0/167 .event anyedge, v0000024fc01388d0_667, v0000024fc01388d0_668, v0000024fc01388d0_669, v0000024fc01388d0_670;
v0000024fc01388d0_671 .array/port v0000024fc01388d0, 671;
v0000024fc01388d0_672 .array/port v0000024fc01388d0, 672;
v0000024fc01388d0_673 .array/port v0000024fc01388d0, 673;
v0000024fc01388d0_674 .array/port v0000024fc01388d0, 674;
E_0000024fc00a52e0/168 .event anyedge, v0000024fc01388d0_671, v0000024fc01388d0_672, v0000024fc01388d0_673, v0000024fc01388d0_674;
v0000024fc01388d0_675 .array/port v0000024fc01388d0, 675;
v0000024fc01388d0_676 .array/port v0000024fc01388d0, 676;
v0000024fc01388d0_677 .array/port v0000024fc01388d0, 677;
v0000024fc01388d0_678 .array/port v0000024fc01388d0, 678;
E_0000024fc00a52e0/169 .event anyedge, v0000024fc01388d0_675, v0000024fc01388d0_676, v0000024fc01388d0_677, v0000024fc01388d0_678;
v0000024fc01388d0_679 .array/port v0000024fc01388d0, 679;
v0000024fc01388d0_680 .array/port v0000024fc01388d0, 680;
v0000024fc01388d0_681 .array/port v0000024fc01388d0, 681;
v0000024fc01388d0_682 .array/port v0000024fc01388d0, 682;
E_0000024fc00a52e0/170 .event anyedge, v0000024fc01388d0_679, v0000024fc01388d0_680, v0000024fc01388d0_681, v0000024fc01388d0_682;
v0000024fc01388d0_683 .array/port v0000024fc01388d0, 683;
v0000024fc01388d0_684 .array/port v0000024fc01388d0, 684;
v0000024fc01388d0_685 .array/port v0000024fc01388d0, 685;
v0000024fc01388d0_686 .array/port v0000024fc01388d0, 686;
E_0000024fc00a52e0/171 .event anyedge, v0000024fc01388d0_683, v0000024fc01388d0_684, v0000024fc01388d0_685, v0000024fc01388d0_686;
v0000024fc01388d0_687 .array/port v0000024fc01388d0, 687;
v0000024fc01388d0_688 .array/port v0000024fc01388d0, 688;
v0000024fc01388d0_689 .array/port v0000024fc01388d0, 689;
v0000024fc01388d0_690 .array/port v0000024fc01388d0, 690;
E_0000024fc00a52e0/172 .event anyedge, v0000024fc01388d0_687, v0000024fc01388d0_688, v0000024fc01388d0_689, v0000024fc01388d0_690;
v0000024fc01388d0_691 .array/port v0000024fc01388d0, 691;
v0000024fc01388d0_692 .array/port v0000024fc01388d0, 692;
v0000024fc01388d0_693 .array/port v0000024fc01388d0, 693;
v0000024fc01388d0_694 .array/port v0000024fc01388d0, 694;
E_0000024fc00a52e0/173 .event anyedge, v0000024fc01388d0_691, v0000024fc01388d0_692, v0000024fc01388d0_693, v0000024fc01388d0_694;
v0000024fc01388d0_695 .array/port v0000024fc01388d0, 695;
v0000024fc01388d0_696 .array/port v0000024fc01388d0, 696;
v0000024fc01388d0_697 .array/port v0000024fc01388d0, 697;
v0000024fc01388d0_698 .array/port v0000024fc01388d0, 698;
E_0000024fc00a52e0/174 .event anyedge, v0000024fc01388d0_695, v0000024fc01388d0_696, v0000024fc01388d0_697, v0000024fc01388d0_698;
v0000024fc01388d0_699 .array/port v0000024fc01388d0, 699;
v0000024fc01388d0_700 .array/port v0000024fc01388d0, 700;
v0000024fc01388d0_701 .array/port v0000024fc01388d0, 701;
v0000024fc01388d0_702 .array/port v0000024fc01388d0, 702;
E_0000024fc00a52e0/175 .event anyedge, v0000024fc01388d0_699, v0000024fc01388d0_700, v0000024fc01388d0_701, v0000024fc01388d0_702;
v0000024fc01388d0_703 .array/port v0000024fc01388d0, 703;
v0000024fc01388d0_704 .array/port v0000024fc01388d0, 704;
v0000024fc01388d0_705 .array/port v0000024fc01388d0, 705;
v0000024fc01388d0_706 .array/port v0000024fc01388d0, 706;
E_0000024fc00a52e0/176 .event anyedge, v0000024fc01388d0_703, v0000024fc01388d0_704, v0000024fc01388d0_705, v0000024fc01388d0_706;
v0000024fc01388d0_707 .array/port v0000024fc01388d0, 707;
v0000024fc01388d0_708 .array/port v0000024fc01388d0, 708;
v0000024fc01388d0_709 .array/port v0000024fc01388d0, 709;
v0000024fc01388d0_710 .array/port v0000024fc01388d0, 710;
E_0000024fc00a52e0/177 .event anyedge, v0000024fc01388d0_707, v0000024fc01388d0_708, v0000024fc01388d0_709, v0000024fc01388d0_710;
v0000024fc01388d0_711 .array/port v0000024fc01388d0, 711;
v0000024fc01388d0_712 .array/port v0000024fc01388d0, 712;
v0000024fc01388d0_713 .array/port v0000024fc01388d0, 713;
v0000024fc01388d0_714 .array/port v0000024fc01388d0, 714;
E_0000024fc00a52e0/178 .event anyedge, v0000024fc01388d0_711, v0000024fc01388d0_712, v0000024fc01388d0_713, v0000024fc01388d0_714;
v0000024fc01388d0_715 .array/port v0000024fc01388d0, 715;
v0000024fc01388d0_716 .array/port v0000024fc01388d0, 716;
v0000024fc01388d0_717 .array/port v0000024fc01388d0, 717;
v0000024fc01388d0_718 .array/port v0000024fc01388d0, 718;
E_0000024fc00a52e0/179 .event anyedge, v0000024fc01388d0_715, v0000024fc01388d0_716, v0000024fc01388d0_717, v0000024fc01388d0_718;
v0000024fc01388d0_719 .array/port v0000024fc01388d0, 719;
v0000024fc01388d0_720 .array/port v0000024fc01388d0, 720;
v0000024fc01388d0_721 .array/port v0000024fc01388d0, 721;
v0000024fc01388d0_722 .array/port v0000024fc01388d0, 722;
E_0000024fc00a52e0/180 .event anyedge, v0000024fc01388d0_719, v0000024fc01388d0_720, v0000024fc01388d0_721, v0000024fc01388d0_722;
v0000024fc01388d0_723 .array/port v0000024fc01388d0, 723;
v0000024fc01388d0_724 .array/port v0000024fc01388d0, 724;
v0000024fc01388d0_725 .array/port v0000024fc01388d0, 725;
v0000024fc01388d0_726 .array/port v0000024fc01388d0, 726;
E_0000024fc00a52e0/181 .event anyedge, v0000024fc01388d0_723, v0000024fc01388d0_724, v0000024fc01388d0_725, v0000024fc01388d0_726;
v0000024fc01388d0_727 .array/port v0000024fc01388d0, 727;
v0000024fc01388d0_728 .array/port v0000024fc01388d0, 728;
v0000024fc01388d0_729 .array/port v0000024fc01388d0, 729;
v0000024fc01388d0_730 .array/port v0000024fc01388d0, 730;
E_0000024fc00a52e0/182 .event anyedge, v0000024fc01388d0_727, v0000024fc01388d0_728, v0000024fc01388d0_729, v0000024fc01388d0_730;
v0000024fc01388d0_731 .array/port v0000024fc01388d0, 731;
v0000024fc01388d0_732 .array/port v0000024fc01388d0, 732;
v0000024fc01388d0_733 .array/port v0000024fc01388d0, 733;
v0000024fc01388d0_734 .array/port v0000024fc01388d0, 734;
E_0000024fc00a52e0/183 .event anyedge, v0000024fc01388d0_731, v0000024fc01388d0_732, v0000024fc01388d0_733, v0000024fc01388d0_734;
v0000024fc01388d0_735 .array/port v0000024fc01388d0, 735;
v0000024fc01388d0_736 .array/port v0000024fc01388d0, 736;
v0000024fc01388d0_737 .array/port v0000024fc01388d0, 737;
v0000024fc01388d0_738 .array/port v0000024fc01388d0, 738;
E_0000024fc00a52e0/184 .event anyedge, v0000024fc01388d0_735, v0000024fc01388d0_736, v0000024fc01388d0_737, v0000024fc01388d0_738;
v0000024fc01388d0_739 .array/port v0000024fc01388d0, 739;
v0000024fc01388d0_740 .array/port v0000024fc01388d0, 740;
v0000024fc01388d0_741 .array/port v0000024fc01388d0, 741;
v0000024fc01388d0_742 .array/port v0000024fc01388d0, 742;
E_0000024fc00a52e0/185 .event anyedge, v0000024fc01388d0_739, v0000024fc01388d0_740, v0000024fc01388d0_741, v0000024fc01388d0_742;
v0000024fc01388d0_743 .array/port v0000024fc01388d0, 743;
v0000024fc01388d0_744 .array/port v0000024fc01388d0, 744;
v0000024fc01388d0_745 .array/port v0000024fc01388d0, 745;
v0000024fc01388d0_746 .array/port v0000024fc01388d0, 746;
E_0000024fc00a52e0/186 .event anyedge, v0000024fc01388d0_743, v0000024fc01388d0_744, v0000024fc01388d0_745, v0000024fc01388d0_746;
v0000024fc01388d0_747 .array/port v0000024fc01388d0, 747;
v0000024fc01388d0_748 .array/port v0000024fc01388d0, 748;
v0000024fc01388d0_749 .array/port v0000024fc01388d0, 749;
v0000024fc01388d0_750 .array/port v0000024fc01388d0, 750;
E_0000024fc00a52e0/187 .event anyedge, v0000024fc01388d0_747, v0000024fc01388d0_748, v0000024fc01388d0_749, v0000024fc01388d0_750;
v0000024fc01388d0_751 .array/port v0000024fc01388d0, 751;
v0000024fc01388d0_752 .array/port v0000024fc01388d0, 752;
v0000024fc01388d0_753 .array/port v0000024fc01388d0, 753;
v0000024fc01388d0_754 .array/port v0000024fc01388d0, 754;
E_0000024fc00a52e0/188 .event anyedge, v0000024fc01388d0_751, v0000024fc01388d0_752, v0000024fc01388d0_753, v0000024fc01388d0_754;
v0000024fc01388d0_755 .array/port v0000024fc01388d0, 755;
v0000024fc01388d0_756 .array/port v0000024fc01388d0, 756;
v0000024fc01388d0_757 .array/port v0000024fc01388d0, 757;
v0000024fc01388d0_758 .array/port v0000024fc01388d0, 758;
E_0000024fc00a52e0/189 .event anyedge, v0000024fc01388d0_755, v0000024fc01388d0_756, v0000024fc01388d0_757, v0000024fc01388d0_758;
v0000024fc01388d0_759 .array/port v0000024fc01388d0, 759;
v0000024fc01388d0_760 .array/port v0000024fc01388d0, 760;
v0000024fc01388d0_761 .array/port v0000024fc01388d0, 761;
v0000024fc01388d0_762 .array/port v0000024fc01388d0, 762;
E_0000024fc00a52e0/190 .event anyedge, v0000024fc01388d0_759, v0000024fc01388d0_760, v0000024fc01388d0_761, v0000024fc01388d0_762;
v0000024fc01388d0_763 .array/port v0000024fc01388d0, 763;
v0000024fc01388d0_764 .array/port v0000024fc01388d0, 764;
v0000024fc01388d0_765 .array/port v0000024fc01388d0, 765;
v0000024fc01388d0_766 .array/port v0000024fc01388d0, 766;
E_0000024fc00a52e0/191 .event anyedge, v0000024fc01388d0_763, v0000024fc01388d0_764, v0000024fc01388d0_765, v0000024fc01388d0_766;
v0000024fc01388d0_767 .array/port v0000024fc01388d0, 767;
v0000024fc01388d0_768 .array/port v0000024fc01388d0, 768;
v0000024fc01388d0_769 .array/port v0000024fc01388d0, 769;
v0000024fc01388d0_770 .array/port v0000024fc01388d0, 770;
E_0000024fc00a52e0/192 .event anyedge, v0000024fc01388d0_767, v0000024fc01388d0_768, v0000024fc01388d0_769, v0000024fc01388d0_770;
v0000024fc01388d0_771 .array/port v0000024fc01388d0, 771;
v0000024fc01388d0_772 .array/port v0000024fc01388d0, 772;
v0000024fc01388d0_773 .array/port v0000024fc01388d0, 773;
v0000024fc01388d0_774 .array/port v0000024fc01388d0, 774;
E_0000024fc00a52e0/193 .event anyedge, v0000024fc01388d0_771, v0000024fc01388d0_772, v0000024fc01388d0_773, v0000024fc01388d0_774;
v0000024fc01388d0_775 .array/port v0000024fc01388d0, 775;
v0000024fc01388d0_776 .array/port v0000024fc01388d0, 776;
v0000024fc01388d0_777 .array/port v0000024fc01388d0, 777;
v0000024fc01388d0_778 .array/port v0000024fc01388d0, 778;
E_0000024fc00a52e0/194 .event anyedge, v0000024fc01388d0_775, v0000024fc01388d0_776, v0000024fc01388d0_777, v0000024fc01388d0_778;
v0000024fc01388d0_779 .array/port v0000024fc01388d0, 779;
v0000024fc01388d0_780 .array/port v0000024fc01388d0, 780;
v0000024fc01388d0_781 .array/port v0000024fc01388d0, 781;
v0000024fc01388d0_782 .array/port v0000024fc01388d0, 782;
E_0000024fc00a52e0/195 .event anyedge, v0000024fc01388d0_779, v0000024fc01388d0_780, v0000024fc01388d0_781, v0000024fc01388d0_782;
v0000024fc01388d0_783 .array/port v0000024fc01388d0, 783;
v0000024fc01388d0_784 .array/port v0000024fc01388d0, 784;
v0000024fc01388d0_785 .array/port v0000024fc01388d0, 785;
v0000024fc01388d0_786 .array/port v0000024fc01388d0, 786;
E_0000024fc00a52e0/196 .event anyedge, v0000024fc01388d0_783, v0000024fc01388d0_784, v0000024fc01388d0_785, v0000024fc01388d0_786;
v0000024fc01388d0_787 .array/port v0000024fc01388d0, 787;
v0000024fc01388d0_788 .array/port v0000024fc01388d0, 788;
v0000024fc01388d0_789 .array/port v0000024fc01388d0, 789;
v0000024fc01388d0_790 .array/port v0000024fc01388d0, 790;
E_0000024fc00a52e0/197 .event anyedge, v0000024fc01388d0_787, v0000024fc01388d0_788, v0000024fc01388d0_789, v0000024fc01388d0_790;
v0000024fc01388d0_791 .array/port v0000024fc01388d0, 791;
v0000024fc01388d0_792 .array/port v0000024fc01388d0, 792;
v0000024fc01388d0_793 .array/port v0000024fc01388d0, 793;
v0000024fc01388d0_794 .array/port v0000024fc01388d0, 794;
E_0000024fc00a52e0/198 .event anyedge, v0000024fc01388d0_791, v0000024fc01388d0_792, v0000024fc01388d0_793, v0000024fc01388d0_794;
v0000024fc01388d0_795 .array/port v0000024fc01388d0, 795;
v0000024fc01388d0_796 .array/port v0000024fc01388d0, 796;
v0000024fc01388d0_797 .array/port v0000024fc01388d0, 797;
v0000024fc01388d0_798 .array/port v0000024fc01388d0, 798;
E_0000024fc00a52e0/199 .event anyedge, v0000024fc01388d0_795, v0000024fc01388d0_796, v0000024fc01388d0_797, v0000024fc01388d0_798;
v0000024fc01388d0_799 .array/port v0000024fc01388d0, 799;
v0000024fc01388d0_800 .array/port v0000024fc01388d0, 800;
v0000024fc01388d0_801 .array/port v0000024fc01388d0, 801;
v0000024fc01388d0_802 .array/port v0000024fc01388d0, 802;
E_0000024fc00a52e0/200 .event anyedge, v0000024fc01388d0_799, v0000024fc01388d0_800, v0000024fc01388d0_801, v0000024fc01388d0_802;
v0000024fc01388d0_803 .array/port v0000024fc01388d0, 803;
v0000024fc01388d0_804 .array/port v0000024fc01388d0, 804;
v0000024fc01388d0_805 .array/port v0000024fc01388d0, 805;
v0000024fc01388d0_806 .array/port v0000024fc01388d0, 806;
E_0000024fc00a52e0/201 .event anyedge, v0000024fc01388d0_803, v0000024fc01388d0_804, v0000024fc01388d0_805, v0000024fc01388d0_806;
v0000024fc01388d0_807 .array/port v0000024fc01388d0, 807;
v0000024fc01388d0_808 .array/port v0000024fc01388d0, 808;
v0000024fc01388d0_809 .array/port v0000024fc01388d0, 809;
v0000024fc01388d0_810 .array/port v0000024fc01388d0, 810;
E_0000024fc00a52e0/202 .event anyedge, v0000024fc01388d0_807, v0000024fc01388d0_808, v0000024fc01388d0_809, v0000024fc01388d0_810;
v0000024fc01388d0_811 .array/port v0000024fc01388d0, 811;
v0000024fc01388d0_812 .array/port v0000024fc01388d0, 812;
v0000024fc01388d0_813 .array/port v0000024fc01388d0, 813;
v0000024fc01388d0_814 .array/port v0000024fc01388d0, 814;
E_0000024fc00a52e0/203 .event anyedge, v0000024fc01388d0_811, v0000024fc01388d0_812, v0000024fc01388d0_813, v0000024fc01388d0_814;
v0000024fc01388d0_815 .array/port v0000024fc01388d0, 815;
v0000024fc01388d0_816 .array/port v0000024fc01388d0, 816;
v0000024fc01388d0_817 .array/port v0000024fc01388d0, 817;
v0000024fc01388d0_818 .array/port v0000024fc01388d0, 818;
E_0000024fc00a52e0/204 .event anyedge, v0000024fc01388d0_815, v0000024fc01388d0_816, v0000024fc01388d0_817, v0000024fc01388d0_818;
v0000024fc01388d0_819 .array/port v0000024fc01388d0, 819;
v0000024fc01388d0_820 .array/port v0000024fc01388d0, 820;
v0000024fc01388d0_821 .array/port v0000024fc01388d0, 821;
v0000024fc01388d0_822 .array/port v0000024fc01388d0, 822;
E_0000024fc00a52e0/205 .event anyedge, v0000024fc01388d0_819, v0000024fc01388d0_820, v0000024fc01388d0_821, v0000024fc01388d0_822;
v0000024fc01388d0_823 .array/port v0000024fc01388d0, 823;
v0000024fc01388d0_824 .array/port v0000024fc01388d0, 824;
v0000024fc01388d0_825 .array/port v0000024fc01388d0, 825;
v0000024fc01388d0_826 .array/port v0000024fc01388d0, 826;
E_0000024fc00a52e0/206 .event anyedge, v0000024fc01388d0_823, v0000024fc01388d0_824, v0000024fc01388d0_825, v0000024fc01388d0_826;
v0000024fc01388d0_827 .array/port v0000024fc01388d0, 827;
v0000024fc01388d0_828 .array/port v0000024fc01388d0, 828;
v0000024fc01388d0_829 .array/port v0000024fc01388d0, 829;
v0000024fc01388d0_830 .array/port v0000024fc01388d0, 830;
E_0000024fc00a52e0/207 .event anyedge, v0000024fc01388d0_827, v0000024fc01388d0_828, v0000024fc01388d0_829, v0000024fc01388d0_830;
v0000024fc01388d0_831 .array/port v0000024fc01388d0, 831;
v0000024fc01388d0_832 .array/port v0000024fc01388d0, 832;
v0000024fc01388d0_833 .array/port v0000024fc01388d0, 833;
v0000024fc01388d0_834 .array/port v0000024fc01388d0, 834;
E_0000024fc00a52e0/208 .event anyedge, v0000024fc01388d0_831, v0000024fc01388d0_832, v0000024fc01388d0_833, v0000024fc01388d0_834;
v0000024fc01388d0_835 .array/port v0000024fc01388d0, 835;
v0000024fc01388d0_836 .array/port v0000024fc01388d0, 836;
v0000024fc01388d0_837 .array/port v0000024fc01388d0, 837;
v0000024fc01388d0_838 .array/port v0000024fc01388d0, 838;
E_0000024fc00a52e0/209 .event anyedge, v0000024fc01388d0_835, v0000024fc01388d0_836, v0000024fc01388d0_837, v0000024fc01388d0_838;
v0000024fc01388d0_839 .array/port v0000024fc01388d0, 839;
v0000024fc01388d0_840 .array/port v0000024fc01388d0, 840;
v0000024fc01388d0_841 .array/port v0000024fc01388d0, 841;
v0000024fc01388d0_842 .array/port v0000024fc01388d0, 842;
E_0000024fc00a52e0/210 .event anyedge, v0000024fc01388d0_839, v0000024fc01388d0_840, v0000024fc01388d0_841, v0000024fc01388d0_842;
v0000024fc01388d0_843 .array/port v0000024fc01388d0, 843;
v0000024fc01388d0_844 .array/port v0000024fc01388d0, 844;
v0000024fc01388d0_845 .array/port v0000024fc01388d0, 845;
v0000024fc01388d0_846 .array/port v0000024fc01388d0, 846;
E_0000024fc00a52e0/211 .event anyedge, v0000024fc01388d0_843, v0000024fc01388d0_844, v0000024fc01388d0_845, v0000024fc01388d0_846;
v0000024fc01388d0_847 .array/port v0000024fc01388d0, 847;
v0000024fc01388d0_848 .array/port v0000024fc01388d0, 848;
v0000024fc01388d0_849 .array/port v0000024fc01388d0, 849;
v0000024fc01388d0_850 .array/port v0000024fc01388d0, 850;
E_0000024fc00a52e0/212 .event anyedge, v0000024fc01388d0_847, v0000024fc01388d0_848, v0000024fc01388d0_849, v0000024fc01388d0_850;
v0000024fc01388d0_851 .array/port v0000024fc01388d0, 851;
v0000024fc01388d0_852 .array/port v0000024fc01388d0, 852;
v0000024fc01388d0_853 .array/port v0000024fc01388d0, 853;
v0000024fc01388d0_854 .array/port v0000024fc01388d0, 854;
E_0000024fc00a52e0/213 .event anyedge, v0000024fc01388d0_851, v0000024fc01388d0_852, v0000024fc01388d0_853, v0000024fc01388d0_854;
v0000024fc01388d0_855 .array/port v0000024fc01388d0, 855;
v0000024fc01388d0_856 .array/port v0000024fc01388d0, 856;
v0000024fc01388d0_857 .array/port v0000024fc01388d0, 857;
v0000024fc01388d0_858 .array/port v0000024fc01388d0, 858;
E_0000024fc00a52e0/214 .event anyedge, v0000024fc01388d0_855, v0000024fc01388d0_856, v0000024fc01388d0_857, v0000024fc01388d0_858;
v0000024fc01388d0_859 .array/port v0000024fc01388d0, 859;
v0000024fc01388d0_860 .array/port v0000024fc01388d0, 860;
v0000024fc01388d0_861 .array/port v0000024fc01388d0, 861;
v0000024fc01388d0_862 .array/port v0000024fc01388d0, 862;
E_0000024fc00a52e0/215 .event anyedge, v0000024fc01388d0_859, v0000024fc01388d0_860, v0000024fc01388d0_861, v0000024fc01388d0_862;
v0000024fc01388d0_863 .array/port v0000024fc01388d0, 863;
v0000024fc01388d0_864 .array/port v0000024fc01388d0, 864;
v0000024fc01388d0_865 .array/port v0000024fc01388d0, 865;
v0000024fc01388d0_866 .array/port v0000024fc01388d0, 866;
E_0000024fc00a52e0/216 .event anyedge, v0000024fc01388d0_863, v0000024fc01388d0_864, v0000024fc01388d0_865, v0000024fc01388d0_866;
v0000024fc01388d0_867 .array/port v0000024fc01388d0, 867;
v0000024fc01388d0_868 .array/port v0000024fc01388d0, 868;
v0000024fc01388d0_869 .array/port v0000024fc01388d0, 869;
v0000024fc01388d0_870 .array/port v0000024fc01388d0, 870;
E_0000024fc00a52e0/217 .event anyedge, v0000024fc01388d0_867, v0000024fc01388d0_868, v0000024fc01388d0_869, v0000024fc01388d0_870;
v0000024fc01388d0_871 .array/port v0000024fc01388d0, 871;
v0000024fc01388d0_872 .array/port v0000024fc01388d0, 872;
v0000024fc01388d0_873 .array/port v0000024fc01388d0, 873;
v0000024fc01388d0_874 .array/port v0000024fc01388d0, 874;
E_0000024fc00a52e0/218 .event anyedge, v0000024fc01388d0_871, v0000024fc01388d0_872, v0000024fc01388d0_873, v0000024fc01388d0_874;
v0000024fc01388d0_875 .array/port v0000024fc01388d0, 875;
v0000024fc01388d0_876 .array/port v0000024fc01388d0, 876;
v0000024fc01388d0_877 .array/port v0000024fc01388d0, 877;
v0000024fc01388d0_878 .array/port v0000024fc01388d0, 878;
E_0000024fc00a52e0/219 .event anyedge, v0000024fc01388d0_875, v0000024fc01388d0_876, v0000024fc01388d0_877, v0000024fc01388d0_878;
v0000024fc01388d0_879 .array/port v0000024fc01388d0, 879;
v0000024fc01388d0_880 .array/port v0000024fc01388d0, 880;
v0000024fc01388d0_881 .array/port v0000024fc01388d0, 881;
v0000024fc01388d0_882 .array/port v0000024fc01388d0, 882;
E_0000024fc00a52e0/220 .event anyedge, v0000024fc01388d0_879, v0000024fc01388d0_880, v0000024fc01388d0_881, v0000024fc01388d0_882;
v0000024fc01388d0_883 .array/port v0000024fc01388d0, 883;
v0000024fc01388d0_884 .array/port v0000024fc01388d0, 884;
v0000024fc01388d0_885 .array/port v0000024fc01388d0, 885;
v0000024fc01388d0_886 .array/port v0000024fc01388d0, 886;
E_0000024fc00a52e0/221 .event anyedge, v0000024fc01388d0_883, v0000024fc01388d0_884, v0000024fc01388d0_885, v0000024fc01388d0_886;
v0000024fc01388d0_887 .array/port v0000024fc01388d0, 887;
v0000024fc01388d0_888 .array/port v0000024fc01388d0, 888;
v0000024fc01388d0_889 .array/port v0000024fc01388d0, 889;
v0000024fc01388d0_890 .array/port v0000024fc01388d0, 890;
E_0000024fc00a52e0/222 .event anyedge, v0000024fc01388d0_887, v0000024fc01388d0_888, v0000024fc01388d0_889, v0000024fc01388d0_890;
v0000024fc01388d0_891 .array/port v0000024fc01388d0, 891;
v0000024fc01388d0_892 .array/port v0000024fc01388d0, 892;
v0000024fc01388d0_893 .array/port v0000024fc01388d0, 893;
v0000024fc01388d0_894 .array/port v0000024fc01388d0, 894;
E_0000024fc00a52e0/223 .event anyedge, v0000024fc01388d0_891, v0000024fc01388d0_892, v0000024fc01388d0_893, v0000024fc01388d0_894;
v0000024fc01388d0_895 .array/port v0000024fc01388d0, 895;
v0000024fc01388d0_896 .array/port v0000024fc01388d0, 896;
v0000024fc01388d0_897 .array/port v0000024fc01388d0, 897;
v0000024fc01388d0_898 .array/port v0000024fc01388d0, 898;
E_0000024fc00a52e0/224 .event anyedge, v0000024fc01388d0_895, v0000024fc01388d0_896, v0000024fc01388d0_897, v0000024fc01388d0_898;
v0000024fc01388d0_899 .array/port v0000024fc01388d0, 899;
v0000024fc01388d0_900 .array/port v0000024fc01388d0, 900;
v0000024fc01388d0_901 .array/port v0000024fc01388d0, 901;
v0000024fc01388d0_902 .array/port v0000024fc01388d0, 902;
E_0000024fc00a52e0/225 .event anyedge, v0000024fc01388d0_899, v0000024fc01388d0_900, v0000024fc01388d0_901, v0000024fc01388d0_902;
v0000024fc01388d0_903 .array/port v0000024fc01388d0, 903;
v0000024fc01388d0_904 .array/port v0000024fc01388d0, 904;
v0000024fc01388d0_905 .array/port v0000024fc01388d0, 905;
v0000024fc01388d0_906 .array/port v0000024fc01388d0, 906;
E_0000024fc00a52e0/226 .event anyedge, v0000024fc01388d0_903, v0000024fc01388d0_904, v0000024fc01388d0_905, v0000024fc01388d0_906;
v0000024fc01388d0_907 .array/port v0000024fc01388d0, 907;
v0000024fc01388d0_908 .array/port v0000024fc01388d0, 908;
v0000024fc01388d0_909 .array/port v0000024fc01388d0, 909;
v0000024fc01388d0_910 .array/port v0000024fc01388d0, 910;
E_0000024fc00a52e0/227 .event anyedge, v0000024fc01388d0_907, v0000024fc01388d0_908, v0000024fc01388d0_909, v0000024fc01388d0_910;
v0000024fc01388d0_911 .array/port v0000024fc01388d0, 911;
v0000024fc01388d0_912 .array/port v0000024fc01388d0, 912;
v0000024fc01388d0_913 .array/port v0000024fc01388d0, 913;
v0000024fc01388d0_914 .array/port v0000024fc01388d0, 914;
E_0000024fc00a52e0/228 .event anyedge, v0000024fc01388d0_911, v0000024fc01388d0_912, v0000024fc01388d0_913, v0000024fc01388d0_914;
v0000024fc01388d0_915 .array/port v0000024fc01388d0, 915;
v0000024fc01388d0_916 .array/port v0000024fc01388d0, 916;
v0000024fc01388d0_917 .array/port v0000024fc01388d0, 917;
v0000024fc01388d0_918 .array/port v0000024fc01388d0, 918;
E_0000024fc00a52e0/229 .event anyedge, v0000024fc01388d0_915, v0000024fc01388d0_916, v0000024fc01388d0_917, v0000024fc01388d0_918;
v0000024fc01388d0_919 .array/port v0000024fc01388d0, 919;
v0000024fc01388d0_920 .array/port v0000024fc01388d0, 920;
v0000024fc01388d0_921 .array/port v0000024fc01388d0, 921;
v0000024fc01388d0_922 .array/port v0000024fc01388d0, 922;
E_0000024fc00a52e0/230 .event anyedge, v0000024fc01388d0_919, v0000024fc01388d0_920, v0000024fc01388d0_921, v0000024fc01388d0_922;
v0000024fc01388d0_923 .array/port v0000024fc01388d0, 923;
v0000024fc01388d0_924 .array/port v0000024fc01388d0, 924;
v0000024fc01388d0_925 .array/port v0000024fc01388d0, 925;
v0000024fc01388d0_926 .array/port v0000024fc01388d0, 926;
E_0000024fc00a52e0/231 .event anyedge, v0000024fc01388d0_923, v0000024fc01388d0_924, v0000024fc01388d0_925, v0000024fc01388d0_926;
v0000024fc01388d0_927 .array/port v0000024fc01388d0, 927;
v0000024fc01388d0_928 .array/port v0000024fc01388d0, 928;
v0000024fc01388d0_929 .array/port v0000024fc01388d0, 929;
v0000024fc01388d0_930 .array/port v0000024fc01388d0, 930;
E_0000024fc00a52e0/232 .event anyedge, v0000024fc01388d0_927, v0000024fc01388d0_928, v0000024fc01388d0_929, v0000024fc01388d0_930;
v0000024fc01388d0_931 .array/port v0000024fc01388d0, 931;
v0000024fc01388d0_932 .array/port v0000024fc01388d0, 932;
v0000024fc01388d0_933 .array/port v0000024fc01388d0, 933;
v0000024fc01388d0_934 .array/port v0000024fc01388d0, 934;
E_0000024fc00a52e0/233 .event anyedge, v0000024fc01388d0_931, v0000024fc01388d0_932, v0000024fc01388d0_933, v0000024fc01388d0_934;
v0000024fc01388d0_935 .array/port v0000024fc01388d0, 935;
v0000024fc01388d0_936 .array/port v0000024fc01388d0, 936;
v0000024fc01388d0_937 .array/port v0000024fc01388d0, 937;
v0000024fc01388d0_938 .array/port v0000024fc01388d0, 938;
E_0000024fc00a52e0/234 .event anyedge, v0000024fc01388d0_935, v0000024fc01388d0_936, v0000024fc01388d0_937, v0000024fc01388d0_938;
v0000024fc01388d0_939 .array/port v0000024fc01388d0, 939;
v0000024fc01388d0_940 .array/port v0000024fc01388d0, 940;
v0000024fc01388d0_941 .array/port v0000024fc01388d0, 941;
v0000024fc01388d0_942 .array/port v0000024fc01388d0, 942;
E_0000024fc00a52e0/235 .event anyedge, v0000024fc01388d0_939, v0000024fc01388d0_940, v0000024fc01388d0_941, v0000024fc01388d0_942;
v0000024fc01388d0_943 .array/port v0000024fc01388d0, 943;
v0000024fc01388d0_944 .array/port v0000024fc01388d0, 944;
v0000024fc01388d0_945 .array/port v0000024fc01388d0, 945;
v0000024fc01388d0_946 .array/port v0000024fc01388d0, 946;
E_0000024fc00a52e0/236 .event anyedge, v0000024fc01388d0_943, v0000024fc01388d0_944, v0000024fc01388d0_945, v0000024fc01388d0_946;
v0000024fc01388d0_947 .array/port v0000024fc01388d0, 947;
v0000024fc01388d0_948 .array/port v0000024fc01388d0, 948;
v0000024fc01388d0_949 .array/port v0000024fc01388d0, 949;
v0000024fc01388d0_950 .array/port v0000024fc01388d0, 950;
E_0000024fc00a52e0/237 .event anyedge, v0000024fc01388d0_947, v0000024fc01388d0_948, v0000024fc01388d0_949, v0000024fc01388d0_950;
v0000024fc01388d0_951 .array/port v0000024fc01388d0, 951;
v0000024fc01388d0_952 .array/port v0000024fc01388d0, 952;
v0000024fc01388d0_953 .array/port v0000024fc01388d0, 953;
v0000024fc01388d0_954 .array/port v0000024fc01388d0, 954;
E_0000024fc00a52e0/238 .event anyedge, v0000024fc01388d0_951, v0000024fc01388d0_952, v0000024fc01388d0_953, v0000024fc01388d0_954;
v0000024fc01388d0_955 .array/port v0000024fc01388d0, 955;
v0000024fc01388d0_956 .array/port v0000024fc01388d0, 956;
v0000024fc01388d0_957 .array/port v0000024fc01388d0, 957;
v0000024fc01388d0_958 .array/port v0000024fc01388d0, 958;
E_0000024fc00a52e0/239 .event anyedge, v0000024fc01388d0_955, v0000024fc01388d0_956, v0000024fc01388d0_957, v0000024fc01388d0_958;
v0000024fc01388d0_959 .array/port v0000024fc01388d0, 959;
v0000024fc01388d0_960 .array/port v0000024fc01388d0, 960;
v0000024fc01388d0_961 .array/port v0000024fc01388d0, 961;
v0000024fc01388d0_962 .array/port v0000024fc01388d0, 962;
E_0000024fc00a52e0/240 .event anyedge, v0000024fc01388d0_959, v0000024fc01388d0_960, v0000024fc01388d0_961, v0000024fc01388d0_962;
v0000024fc01388d0_963 .array/port v0000024fc01388d0, 963;
v0000024fc01388d0_964 .array/port v0000024fc01388d0, 964;
v0000024fc01388d0_965 .array/port v0000024fc01388d0, 965;
v0000024fc01388d0_966 .array/port v0000024fc01388d0, 966;
E_0000024fc00a52e0/241 .event anyedge, v0000024fc01388d0_963, v0000024fc01388d0_964, v0000024fc01388d0_965, v0000024fc01388d0_966;
v0000024fc01388d0_967 .array/port v0000024fc01388d0, 967;
v0000024fc01388d0_968 .array/port v0000024fc01388d0, 968;
v0000024fc01388d0_969 .array/port v0000024fc01388d0, 969;
v0000024fc01388d0_970 .array/port v0000024fc01388d0, 970;
E_0000024fc00a52e0/242 .event anyedge, v0000024fc01388d0_967, v0000024fc01388d0_968, v0000024fc01388d0_969, v0000024fc01388d0_970;
v0000024fc01388d0_971 .array/port v0000024fc01388d0, 971;
v0000024fc01388d0_972 .array/port v0000024fc01388d0, 972;
v0000024fc01388d0_973 .array/port v0000024fc01388d0, 973;
v0000024fc01388d0_974 .array/port v0000024fc01388d0, 974;
E_0000024fc00a52e0/243 .event anyedge, v0000024fc01388d0_971, v0000024fc01388d0_972, v0000024fc01388d0_973, v0000024fc01388d0_974;
v0000024fc01388d0_975 .array/port v0000024fc01388d0, 975;
v0000024fc01388d0_976 .array/port v0000024fc01388d0, 976;
v0000024fc01388d0_977 .array/port v0000024fc01388d0, 977;
v0000024fc01388d0_978 .array/port v0000024fc01388d0, 978;
E_0000024fc00a52e0/244 .event anyedge, v0000024fc01388d0_975, v0000024fc01388d0_976, v0000024fc01388d0_977, v0000024fc01388d0_978;
v0000024fc01388d0_979 .array/port v0000024fc01388d0, 979;
v0000024fc01388d0_980 .array/port v0000024fc01388d0, 980;
v0000024fc01388d0_981 .array/port v0000024fc01388d0, 981;
v0000024fc01388d0_982 .array/port v0000024fc01388d0, 982;
E_0000024fc00a52e0/245 .event anyedge, v0000024fc01388d0_979, v0000024fc01388d0_980, v0000024fc01388d0_981, v0000024fc01388d0_982;
v0000024fc01388d0_983 .array/port v0000024fc01388d0, 983;
v0000024fc01388d0_984 .array/port v0000024fc01388d0, 984;
v0000024fc01388d0_985 .array/port v0000024fc01388d0, 985;
v0000024fc01388d0_986 .array/port v0000024fc01388d0, 986;
E_0000024fc00a52e0/246 .event anyedge, v0000024fc01388d0_983, v0000024fc01388d0_984, v0000024fc01388d0_985, v0000024fc01388d0_986;
v0000024fc01388d0_987 .array/port v0000024fc01388d0, 987;
v0000024fc01388d0_988 .array/port v0000024fc01388d0, 988;
v0000024fc01388d0_989 .array/port v0000024fc01388d0, 989;
v0000024fc01388d0_990 .array/port v0000024fc01388d0, 990;
E_0000024fc00a52e0/247 .event anyedge, v0000024fc01388d0_987, v0000024fc01388d0_988, v0000024fc01388d0_989, v0000024fc01388d0_990;
v0000024fc01388d0_991 .array/port v0000024fc01388d0, 991;
v0000024fc01388d0_992 .array/port v0000024fc01388d0, 992;
v0000024fc01388d0_993 .array/port v0000024fc01388d0, 993;
v0000024fc01388d0_994 .array/port v0000024fc01388d0, 994;
E_0000024fc00a52e0/248 .event anyedge, v0000024fc01388d0_991, v0000024fc01388d0_992, v0000024fc01388d0_993, v0000024fc01388d0_994;
v0000024fc01388d0_995 .array/port v0000024fc01388d0, 995;
v0000024fc01388d0_996 .array/port v0000024fc01388d0, 996;
v0000024fc01388d0_997 .array/port v0000024fc01388d0, 997;
v0000024fc01388d0_998 .array/port v0000024fc01388d0, 998;
E_0000024fc00a52e0/249 .event anyedge, v0000024fc01388d0_995, v0000024fc01388d0_996, v0000024fc01388d0_997, v0000024fc01388d0_998;
v0000024fc01388d0_999 .array/port v0000024fc01388d0, 999;
v0000024fc01388d0_1000 .array/port v0000024fc01388d0, 1000;
v0000024fc01388d0_1001 .array/port v0000024fc01388d0, 1001;
v0000024fc01388d0_1002 .array/port v0000024fc01388d0, 1002;
E_0000024fc00a52e0/250 .event anyedge, v0000024fc01388d0_999, v0000024fc01388d0_1000, v0000024fc01388d0_1001, v0000024fc01388d0_1002;
v0000024fc01388d0_1003 .array/port v0000024fc01388d0, 1003;
v0000024fc01388d0_1004 .array/port v0000024fc01388d0, 1004;
v0000024fc01388d0_1005 .array/port v0000024fc01388d0, 1005;
v0000024fc01388d0_1006 .array/port v0000024fc01388d0, 1006;
E_0000024fc00a52e0/251 .event anyedge, v0000024fc01388d0_1003, v0000024fc01388d0_1004, v0000024fc01388d0_1005, v0000024fc01388d0_1006;
v0000024fc01388d0_1007 .array/port v0000024fc01388d0, 1007;
v0000024fc01388d0_1008 .array/port v0000024fc01388d0, 1008;
v0000024fc01388d0_1009 .array/port v0000024fc01388d0, 1009;
v0000024fc01388d0_1010 .array/port v0000024fc01388d0, 1010;
E_0000024fc00a52e0/252 .event anyedge, v0000024fc01388d0_1007, v0000024fc01388d0_1008, v0000024fc01388d0_1009, v0000024fc01388d0_1010;
v0000024fc01388d0_1011 .array/port v0000024fc01388d0, 1011;
v0000024fc01388d0_1012 .array/port v0000024fc01388d0, 1012;
v0000024fc01388d0_1013 .array/port v0000024fc01388d0, 1013;
v0000024fc01388d0_1014 .array/port v0000024fc01388d0, 1014;
E_0000024fc00a52e0/253 .event anyedge, v0000024fc01388d0_1011, v0000024fc01388d0_1012, v0000024fc01388d0_1013, v0000024fc01388d0_1014;
v0000024fc01388d0_1015 .array/port v0000024fc01388d0, 1015;
v0000024fc01388d0_1016 .array/port v0000024fc01388d0, 1016;
v0000024fc01388d0_1017 .array/port v0000024fc01388d0, 1017;
v0000024fc01388d0_1018 .array/port v0000024fc01388d0, 1018;
E_0000024fc00a52e0/254 .event anyedge, v0000024fc01388d0_1015, v0000024fc01388d0_1016, v0000024fc01388d0_1017, v0000024fc01388d0_1018;
v0000024fc01388d0_1019 .array/port v0000024fc01388d0, 1019;
v0000024fc01388d0_1020 .array/port v0000024fc01388d0, 1020;
v0000024fc01388d0_1021 .array/port v0000024fc01388d0, 1021;
v0000024fc01388d0_1022 .array/port v0000024fc01388d0, 1022;
E_0000024fc00a52e0/255 .event anyedge, v0000024fc01388d0_1019, v0000024fc01388d0_1020, v0000024fc01388d0_1021, v0000024fc01388d0_1022;
v0000024fc01388d0_1023 .array/port v0000024fc01388d0, 1023;
E_0000024fc00a52e0/256 .event anyedge, v0000024fc01388d0_1023;
E_0000024fc00a52e0 .event/or E_0000024fc00a52e0/0, E_0000024fc00a52e0/1, E_0000024fc00a52e0/2, E_0000024fc00a52e0/3, E_0000024fc00a52e0/4, E_0000024fc00a52e0/5, E_0000024fc00a52e0/6, E_0000024fc00a52e0/7, E_0000024fc00a52e0/8, E_0000024fc00a52e0/9, E_0000024fc00a52e0/10, E_0000024fc00a52e0/11, E_0000024fc00a52e0/12, E_0000024fc00a52e0/13, E_0000024fc00a52e0/14, E_0000024fc00a52e0/15, E_0000024fc00a52e0/16, E_0000024fc00a52e0/17, E_0000024fc00a52e0/18, E_0000024fc00a52e0/19, E_0000024fc00a52e0/20, E_0000024fc00a52e0/21, E_0000024fc00a52e0/22, E_0000024fc00a52e0/23, E_0000024fc00a52e0/24, E_0000024fc00a52e0/25, E_0000024fc00a52e0/26, E_0000024fc00a52e0/27, E_0000024fc00a52e0/28, E_0000024fc00a52e0/29, E_0000024fc00a52e0/30, E_0000024fc00a52e0/31, E_0000024fc00a52e0/32, E_0000024fc00a52e0/33, E_0000024fc00a52e0/34, E_0000024fc00a52e0/35, E_0000024fc00a52e0/36, E_0000024fc00a52e0/37, E_0000024fc00a52e0/38, E_0000024fc00a52e0/39, E_0000024fc00a52e0/40, E_0000024fc00a52e0/41, E_0000024fc00a52e0/42, E_0000024fc00a52e0/43, E_0000024fc00a52e0/44, E_0000024fc00a52e0/45, E_0000024fc00a52e0/46, E_0000024fc00a52e0/47, E_0000024fc00a52e0/48, E_0000024fc00a52e0/49, E_0000024fc00a52e0/50, E_0000024fc00a52e0/51, E_0000024fc00a52e0/52, E_0000024fc00a52e0/53, E_0000024fc00a52e0/54, E_0000024fc00a52e0/55, E_0000024fc00a52e0/56, E_0000024fc00a52e0/57, E_0000024fc00a52e0/58, E_0000024fc00a52e0/59, E_0000024fc00a52e0/60, E_0000024fc00a52e0/61, E_0000024fc00a52e0/62, E_0000024fc00a52e0/63, E_0000024fc00a52e0/64, E_0000024fc00a52e0/65, E_0000024fc00a52e0/66, E_0000024fc00a52e0/67, E_0000024fc00a52e0/68, E_0000024fc00a52e0/69, E_0000024fc00a52e0/70, E_0000024fc00a52e0/71, E_0000024fc00a52e0/72, E_0000024fc00a52e0/73, E_0000024fc00a52e0/74, E_0000024fc00a52e0/75, E_0000024fc00a52e0/76, E_0000024fc00a52e0/77, E_0000024fc00a52e0/78, E_0000024fc00a52e0/79, E_0000024fc00a52e0/80, E_0000024fc00a52e0/81, E_0000024fc00a52e0/82, E_0000024fc00a52e0/83, E_0000024fc00a52e0/84, E_0000024fc00a52e0/85, E_0000024fc00a52e0/86, E_0000024fc00a52e0/87, E_0000024fc00a52e0/88, E_0000024fc00a52e0/89, E_0000024fc00a52e0/90, E_0000024fc00a52e0/91, E_0000024fc00a52e0/92, E_0000024fc00a52e0/93, E_0000024fc00a52e0/94, E_0000024fc00a52e0/95, E_0000024fc00a52e0/96, E_0000024fc00a52e0/97, E_0000024fc00a52e0/98, E_0000024fc00a52e0/99, E_0000024fc00a52e0/100, E_0000024fc00a52e0/101, E_0000024fc00a52e0/102, E_0000024fc00a52e0/103, E_0000024fc00a52e0/104, E_0000024fc00a52e0/105, E_0000024fc00a52e0/106, E_0000024fc00a52e0/107, E_0000024fc00a52e0/108, E_0000024fc00a52e0/109, E_0000024fc00a52e0/110, E_0000024fc00a52e0/111, E_0000024fc00a52e0/112, E_0000024fc00a52e0/113, E_0000024fc00a52e0/114, E_0000024fc00a52e0/115, E_0000024fc00a52e0/116, E_0000024fc00a52e0/117, E_0000024fc00a52e0/118, E_0000024fc00a52e0/119, E_0000024fc00a52e0/120, E_0000024fc00a52e0/121, E_0000024fc00a52e0/122, E_0000024fc00a52e0/123, E_0000024fc00a52e0/124, E_0000024fc00a52e0/125, E_0000024fc00a52e0/126, E_0000024fc00a52e0/127, E_0000024fc00a52e0/128, E_0000024fc00a52e0/129, E_0000024fc00a52e0/130, E_0000024fc00a52e0/131, E_0000024fc00a52e0/132, E_0000024fc00a52e0/133, E_0000024fc00a52e0/134, E_0000024fc00a52e0/135, E_0000024fc00a52e0/136, E_0000024fc00a52e0/137, E_0000024fc00a52e0/138, E_0000024fc00a52e0/139, E_0000024fc00a52e0/140, E_0000024fc00a52e0/141, E_0000024fc00a52e0/142, E_0000024fc00a52e0/143, E_0000024fc00a52e0/144, E_0000024fc00a52e0/145, E_0000024fc00a52e0/146, E_0000024fc00a52e0/147, E_0000024fc00a52e0/148, E_0000024fc00a52e0/149, E_0000024fc00a52e0/150, E_0000024fc00a52e0/151, E_0000024fc00a52e0/152, E_0000024fc00a52e0/153, E_0000024fc00a52e0/154, E_0000024fc00a52e0/155, E_0000024fc00a52e0/156, E_0000024fc00a52e0/157, E_0000024fc00a52e0/158, E_0000024fc00a52e0/159, E_0000024fc00a52e0/160, E_0000024fc00a52e0/161, E_0000024fc00a52e0/162, E_0000024fc00a52e0/163, E_0000024fc00a52e0/164, E_0000024fc00a52e0/165, E_0000024fc00a52e0/166, E_0000024fc00a52e0/167, E_0000024fc00a52e0/168, E_0000024fc00a52e0/169, E_0000024fc00a52e0/170, E_0000024fc00a52e0/171, E_0000024fc00a52e0/172, E_0000024fc00a52e0/173, E_0000024fc00a52e0/174, E_0000024fc00a52e0/175, E_0000024fc00a52e0/176, E_0000024fc00a52e0/177, E_0000024fc00a52e0/178, E_0000024fc00a52e0/179, E_0000024fc00a52e0/180, E_0000024fc00a52e0/181, E_0000024fc00a52e0/182, E_0000024fc00a52e0/183, E_0000024fc00a52e0/184, E_0000024fc00a52e0/185, E_0000024fc00a52e0/186, E_0000024fc00a52e0/187, E_0000024fc00a52e0/188, E_0000024fc00a52e0/189, E_0000024fc00a52e0/190, E_0000024fc00a52e0/191, E_0000024fc00a52e0/192, E_0000024fc00a52e0/193, E_0000024fc00a52e0/194, E_0000024fc00a52e0/195, E_0000024fc00a52e0/196, E_0000024fc00a52e0/197, E_0000024fc00a52e0/198, E_0000024fc00a52e0/199, E_0000024fc00a52e0/200, E_0000024fc00a52e0/201, E_0000024fc00a52e0/202, E_0000024fc00a52e0/203, E_0000024fc00a52e0/204, E_0000024fc00a52e0/205, E_0000024fc00a52e0/206, E_0000024fc00a52e0/207, E_0000024fc00a52e0/208, E_0000024fc00a52e0/209, E_0000024fc00a52e0/210, E_0000024fc00a52e0/211, E_0000024fc00a52e0/212, E_0000024fc00a52e0/213, E_0000024fc00a52e0/214, E_0000024fc00a52e0/215, E_0000024fc00a52e0/216, E_0000024fc00a52e0/217, E_0000024fc00a52e0/218, E_0000024fc00a52e0/219, E_0000024fc00a52e0/220, E_0000024fc00a52e0/221, E_0000024fc00a52e0/222, E_0000024fc00a52e0/223, E_0000024fc00a52e0/224, E_0000024fc00a52e0/225, E_0000024fc00a52e0/226, E_0000024fc00a52e0/227, E_0000024fc00a52e0/228, E_0000024fc00a52e0/229, E_0000024fc00a52e0/230, E_0000024fc00a52e0/231, E_0000024fc00a52e0/232, E_0000024fc00a52e0/233, E_0000024fc00a52e0/234, E_0000024fc00a52e0/235, E_0000024fc00a52e0/236, E_0000024fc00a52e0/237, E_0000024fc00a52e0/238, E_0000024fc00a52e0/239, E_0000024fc00a52e0/240, E_0000024fc00a52e0/241, E_0000024fc00a52e0/242, E_0000024fc00a52e0/243, E_0000024fc00a52e0/244, E_0000024fc00a52e0/245, E_0000024fc00a52e0/246, E_0000024fc00a52e0/247, E_0000024fc00a52e0/248, E_0000024fc00a52e0/249, E_0000024fc00a52e0/250, E_0000024fc00a52e0/251, E_0000024fc00a52e0/252, E_0000024fc00a52e0/253, E_0000024fc00a52e0/254, E_0000024fc00a52e0/255, E_0000024fc00a52e0/256;
S_0000024fbffedef0 .scope module, "MemtoRegMux" "Mux2to1" 3 558, 3 364 0, S_0000024fc006f780;
 .timescale 0 0;
    .port_info 0 /INPUT 32 "in0";
    .port_info 1 /INPUT 32 "in1";
    .port_info 2 /INPUT 1 "sel";
    .port_info 3 /OUTPUT 32 "out";
P_0000024fc00a58e0 .param/l "WIDTH" 0 3 364, +C4<00000000000000000000000000100000>;
v0000024fc0139370_0 .net "in0", 31 0, v0000024fc009d290_0;  alias, 1 drivers
v0000024fc0139af0_0 .net "in1", 31 0, v0000024fc0138330_0;  alias, 1 drivers
v0000024fc0138a10_0 .net "out", 31 0, L_0000024fc01b19d0;  alias, 1 drivers
v0000024fc0138b50_0 .net "sel", 0 0, v0000024fc0138830_0;  alias, 1 drivers
L_0000024fc01b19d0 .functor MUXZ 32, v0000024fc009d290_0, v0000024fc0138330_0, v0000024fc0138830_0, C4<>;
S_0000024fbffee080 .scope module, "PC" "ProgramCounter" 3 436, 3 1 0, S_0000024fc006f780;
 .timescale 0 0;
    .port_info 0 /INPUT 1 "clk";
    .port_info 1 /INPUT 1 "reset";
    .port_info 2 /INPUT 32 "next_pc";
    .port_info 3 /OUTPUT 32 "pc";
v0000024fc01397d0_0 .net "clk", 0 0, v0000024fc01552c0_0;  alias, 1 drivers
v0000024fc0138290_0 .net "next_pc", 31 0, L_0000024fc01b12f0;  alias, 1 drivers
v0000024fc01399b0_0 .var "pc", 31 0;
v0000024fc0139690_0 .net "reset", 0 0, v0000024fc0155860_0;  alias, 1 drivers
S_0000024fbffee210 .scope module, "RF" "RegisterFile" 3 473, 3 44 0, S_0000024fc006f780;
 .timescale 0 0;
    .port_info 0 /INPUT 1 "clk";
    .port_info 1 /INPUT 1 "rst";
    .port_info 2 /INPUT 1 "RegWrite";
    .port_info 3 /INPUT 5 "Rs";
    .port_info 4 /INPUT 5 "Rt";
    .port_info 5 /INPUT 5 "Rd";
    .port_info 6 /INPUT 32 "WriteData";
    .port_info 7 /OUTPUT 32 "ReadDataA";
    .port_info 8 /OUTPUT 32 "ReadDataB";
v0000024fc0138ab0_0 .net "Rd", 4 0, L_0000024fc01559a0;  alias, 1 drivers
v0000024fc0139ff0_0 .net "ReadDataA", 31 0, L_0000024fc0155680;  alias, 1 drivers
v0000024fc0138d30_0 .net "ReadDataB", 31 0, L_0000024fc0155ea0;  alias, 1 drivers
v0000024fc0139c30_0 .net "RegWrite", 0 0, v0000024fc0138bf0_0;  alias, 1 drivers
v0000024fc01395f0 .array "Register", 31 0, 31 0;
v0000024fc0138150_0 .net "Rs", 4 0, L_0000024fc0155f40;  1 drivers
v0000024fc01392d0_0 .net "Rt", 4 0, L_0000024fc0155900;  1 drivers
v0000024fc0139a50_0 .net "WriteData", 31 0, L_0000024fc01b19d0;  alias, 1 drivers
L_0000024fc0156a00 .functor BUFT 1, C4<00000>, C4<0>, C4<0>, C4<0>;
v0000024fc0139410_0 .net/2u *"_ivl_0", 4 0, L_0000024fc0156a00;  1 drivers
L_0000024fc0156a90 .functor BUFT 1, C4<00>, C4<0>, C4<0>, C4<0>;
v0000024fc0139cd0_0 .net *"_ivl_11", 1 0, L_0000024fc0156a90;  1 drivers
L_0000024fc0156ad8 .functor BUFT 1, C4<00000>, C4<0>, C4<0>, C4<0>;
v0000024fc0139d70_0 .net/2u *"_ivl_14", 4 0, L_0000024fc0156ad8;  1 drivers
v0000024fc0138e70_0 .net *"_ivl_16", 0 0, L_0000024fc0154aa0;  1 drivers
L_0000024fc0156b20 .functor BUFT 1, C4<00000000000000000000000000000000>, C4<0>, C4<0>, C4<0>;
v0000024fc01381f0_0 .net/2u *"_ivl_18", 31 0, L_0000024fc0156b20;  1 drivers
v0000024fc01394b0_0 .net *"_ivl_2", 0 0, L_0000024fc0154be0;  1 drivers
v0000024fc0139050_0 .net *"_ivl_20", 31 0, L_0000024fc0155720;  1 drivers
v0000024fc0139230_0 .net *"_ivl_22", 6 0, L_0000024fc0154960;  1 drivers
L_0000024fc0156b68 .functor BUFT 1, C4<00>, C4<0>, C4<0>, C4<0>;
v0000024fc0138fb0_0 .net *"_ivl_25", 1 0, L_0000024fc0156b68;  1 drivers
L_0000024fc0156a48 .functor BUFT 1, C4<00000000000000000000000000000000>, C4<0>, C4<0>, C4<0>;
v0000024fc0139190_0 .net/2u *"_ivl_4", 31 0, L_0000024fc0156a48;  1 drivers
v0000024fc0138510_0 .net *"_ivl_6", 31 0, L_0000024fc0155e00;  1 drivers
v0000024fc0139e10_0 .net *"_ivl_8", 6 0, L_0000024fc0155220;  1 drivers
v0000024fc01385b0_0 .net "clk", 0 0, v0000024fc01552c0_0;  alias, 1 drivers
v0000024fc0138650_0 .var/i "i", 31 0;
v0000024fc01386f0_0 .net "rst", 0 0, v0000024fc0155860_0;  alias, 1 drivers
L_0000024fc0154be0 .cmp/eq 5, L_0000024fc0155f40, L_0000024fc0156a00;
L_0000024fc0155e00 .array/port v0000024fc01395f0, L_0000024fc0155220;
L_0000024fc0155220 .concat [ 5 2 0 0], L_0000024fc0155f40, L_0000024fc0156a90;
L_0000024fc0155680 .functor MUXZ 32, L_0000024fc0155e00, L_0000024fc0156a48, L_0000024fc0154be0, C4<>;
L_0000024fc0154aa0 .cmp/eq 5, L_0000024fc0155900, L_0000024fc0156ad8;
L_0000024fc0155720 .array/port v0000024fc01395f0, L_0000024fc0154960;
L_0000024fc0154960 .concat [ 5 2 0 0], L_0000024fc0155900, L_0000024fc0156b68;
L_0000024fc0155ea0 .functor MUXZ 32, L_0000024fc0155720, L_0000024fc0156b20, L_0000024fc0154aa0, C4<>;
S_0000024fc005cb60 .scope module, "RegDstMux" "Mux2to1" 3 465, 3 364 0, S_0000024fc006f780;
 .timescale 0 0;
    .port_info 0 /INPUT 5 "in0";
    .port_info 1 /INPUT 5 "in1";
    .port_info 2 /INPUT 1 "sel";
    .port_info 3 /OUTPUT 5 "out";
P_0000024fc00a5120 .param/l "WIDTH" 0 3 364, +C4<00000000000000000000000000000101>;
v0000024fc0138790_0 .net "in0", 4 0, L_0000024fc0154820;  1 drivers
v0000024fc01528b0_0 .net "in1", 4 0, L_0000024fc01554a0;  1 drivers
v0000024fc01532b0_0 .net "out", 4 0, L_0000024fc01559a0;  alias, 1 drivers
v0000024fc0153c10_0 .net "sel", 0 0, v0000024fc0138f10_0;  alias, 1 drivers
L_0000024fc01559a0 .functor MUXZ 5, L_0000024fc0154820, L_0000024fc01554a0, v0000024fc0138f10_0, C4<>;
S_0000024fc005ccf0 .scope module, "SignExt" "SignExtend" 3 486, 3 89 0, S_0000024fc006f780;
 .timescale 0 0;
    .port_info 0 /INPUT 16 "imm";
    .port_info 1 /OUTPUT 32 "sign_ext_imm";
v0000024fc01524f0_0 .net *"_ivl_1", 0 0, L_0000024fc0154a00;  1 drivers
v0000024fc01523b0_0 .net *"_ivl_2", 15 0, L_0000024fc0155b80;  1 drivers
v0000024fc01537b0_0 .net "imm", 15 0, L_0000024fc0155400;  1 drivers
v0000024fc0152590_0 .net "sign_ext_imm", 31 0, L_0000024fc0154320;  alias, 1 drivers
L_0000024fc0154a00 .part L_0000024fc0155400, 15, 1;
LS_0000024fc0155b80_0_0 .concat [ 1 1 1 1], L_0000024fc0154a00, L_0000024fc0154a00, L_0000024fc0154a00, L_0000024fc0154a00;
LS_0000024fc0155b80_0_4 .concat [ 1 1 1 1], L_0000024fc0154a00, L_0000024fc0154a00, L_0000024fc0154a00, L_0000024fc0154a00;
LS_0000024fc0155b80_0_8 .concat [ 1 1 1 1], L_0000024fc0154a00, L_0000024fc0154a00, L_0000024fc0154a00, L_0000024fc0154a00;
LS_0000024fc0155b80_0_12 .concat [ 1 1 1 1], L_0000024fc0154a00, L_0000024fc0154a00, L_0000024fc0154a00, L_0000024fc0154a00;
L_0000024fc0155b80 .concat [ 4 4 4 4], LS_0000024fc0155b80_0_0, LS_0000024fc0155b80_0_4, LS_0000024fc0155b80_0_8, LS_0000024fc0155b80_0_12;
L_0000024fc0154320 .concat [ 16 16 0 0], L_0000024fc0155400, L_0000024fc0155b80;
S_0000024fc005ce80 .scope module, "ZeroExt" "ZeroExtend" 3 491, 3 102 0, S_0000024fc006f780;
 .timescale 0 0;
    .port_info 0 /INPUT 16 "imm";
    .port_info 1 /OUTPUT 32 "zero_ext_imm";
L_0000024fc0156bb0 .functor BUFT 1, C4<0000000000000000>, C4<0>, C4<0>, C4<0>;
v0000024fc0153030_0 .net/2u *"_ivl_0", 15 0, L_0000024fc0156bb0;  1 drivers
v0000024fc0153670_0 .net "imm", 15 0, L_0000024fc0155180;  1 drivers
v0000024fc0152630_0 .net "zero_ext_imm", 31 0, L_0000024fc0155fe0;  alias, 1 drivers
L_0000024fc0155fe0 .concat [ 16 16 0 0], L_0000024fc0155180, L_0000024fc0156bb0;
    .scope S_0000024fbffee080;
T_0 ;
    %wait E_0000024fc00a5f60;
    %load/vec4 v0000024fc0139690_0;
    %flag_set/vec4 8;
    %jmp/0xz  T_0.0, 8;
    %pushi/vec4 0, 0, 32;
    %assign/vec4 v0000024fc01399b0_0, 0;
    %jmp T_0.1;
T_0.0 ;
    %load/vec4 v0000024fc0138290_0;
    %assign/vec4 v0000024fc01399b0_0, 0;
T_0.1 ;
    %jmp T_0;
    .thread T_0;
    .scope S_0000024fc003fde0;
T_1 ;
    %vpi_call 3 32 "$readmemh", "instr.mem", v0000024fc01388d0 {0 0 0};
    %end;
    .thread T_1;
    .scope S_0000024fc003fde0;
T_2 ;
    %wait E_0000024fc00a52e0;
    %load/vec4 v0000024fc01390f0_0;
    %parti/s 10, 2, 3;
    %pad/u 12;
    %ix/vec4 4;
    %load/vec4a v0000024fc01388d0, 4;
    %store/vec4 v0000024fc01383d0_0, 0, 32;
    %jmp T_2;
    .thread T_2, $push;
    .scope S_0000024fc003fac0;
T_3 ;
    %wait E_0000024fc00a5da0;
    %load/vec4 v0000024fc0139b90_0;
    %dup/vec4;
    %pushi/vec4 0, 0, 6;
    %cmp/u;
    %jmp/1 T_3.0, 6;
    %dup/vec4;
    %pushi/vec4 35, 0, 6;
    %cmp/u;
    %jmp/1 T_3.1, 6;
    %dup/vec4;
    %pushi/vec4 43, 0, 6;
    %cmp/u;
    %jmp/1 T_3.2, 6;
    %dup/vec4;
    %pushi/vec4 4, 0, 6;
    %cmp/u;
    %jmp/1 T_3.3, 6;
    %dup/vec4;
    %pushi/vec4 8, 0, 6;
    %cmp/u;
    %jmp/1 T_3.4, 6;
    %dup/vec4;
    %pushi/vec4 15, 0, 6;
    %cmp/u;
    %jmp/1 T_3.5, 6;
    %dup/vec4;
    %pushi/vec4 13, 0, 6;
    %cmp/u;
    %jmp/1 T_3.6, 6;
    %pushi/vec4 0, 0, 1;
    %store/vec4 v0000024fc0138f10_0, 0, 1;
    %pushi/vec4 0, 0, 1;
    %store/vec4 v0000024fc006e9a0_0, 0, 1;
    %pushi/vec4 0, 0, 1;
    %store/vec4 v0000024fc0138830_0, 0, 1;
    %pushi/vec4 0, 0, 1;
    %store/vec4 v0000024fc0138bf0_0, 0, 1;
    %pushi/vec4 0, 0, 1;
    %store/vec4 v0000024fc0139550_0, 0, 1;
    %pushi/vec4 0, 0, 1;
    %store/vec4 v0000024fc0138dd0_0, 0, 1;
    %pushi/vec4 0, 0, 1;
    %store/vec4 v0000024fc0138c90_0, 0, 1;
    %pushi/vec4 0, 0, 3;
    %store/vec4 v0000024fc006e900_0, 0, 3;
    %jmp T_3.8;
T_3.0 ;
    %pushi/vec4 1, 0, 1;
    %store/vec4 v0000024fc0138f10_0, 0, 1;
    %pushi/vec4 0, 0, 1;
    %store/vec4 v0000024fc006e9a0_0, 0, 1;
    %pushi/vec4 0, 0, 1;
    %store/vec4 v0000024fc0138830_0, 0, 1;
    %pushi/vec4 1, 0, 1;
    %store/vec4 v0000024fc0138bf0_0, 0, 1;
    %pushi/vec4 0, 0, 1;
    %store/vec4 v0000024fc0139550_0, 0, 1;
    %pushi/vec4 0, 0, 1;
    %store/vec4 v0000024fc0138dd0_0, 0, 1;
    %pushi/vec4 0, 0, 1;
    %store/vec4 v0000024fc0138c90_0, 0, 1;
    %pushi/vec4 2, 0, 3;
    %store/vec4 v0000024fc006e900_0, 0, 3;
    %jmp T_3.8;
T_3.1 ;
    %pushi/vec4 0, 0, 1;
    %store/vec4 v0000024fc0138f10_0, 0, 1;
    %pushi/vec4 1, 0, 1;
    %store/vec4 v0000024fc006e9a0_0, 0, 1;
    %pushi/vec4 1, 0, 1;
    %store/vec4 v0000024fc0138830_0, 0, 1;
    %pushi/vec4 1, 0, 1;
    %store/vec4 v0000024fc0138bf0_0, 0, 1;
    %pushi/vec4 1, 0, 1;
    %store/vec4 v0000024fc0139550_0, 0, 1;
    %pushi/vec4 0, 0, 1;
    %store/vec4 v0000024fc0138dd0_0, 0, 1;
    %pushi/vec4 0, 0, 1;
    %store/vec4 v0000024fc0138c90_0, 0, 1;
    %pushi/vec4 0, 0, 3;
    %store/vec4 v0000024fc006e900_0, 0, 3;
    %jmp T_3.8;
T_3.2 ;
    %pushi/vec4 0, 0, 1;
    %store/vec4 v0000024fc0138f10_0, 0, 1;
    %pushi/vec4 1, 0, 1;
    %store/vec4 v0000024fc006e9a0_0, 0, 1;
    %pushi/vec4 0, 0, 1;
    %store/vec4 v0000024fc0138830_0, 0, 1;
    %pushi/vec4 0, 0, 1;
    %store/vec4 v0000024fc0138bf0_0, 0, 1;
    %pushi/vec4 0, 0, 1;
    %store/vec4 v0000024fc0139550_0, 0, 1;
    %pushi/vec4 1, 0, 1;
    %store/vec4 v0000024fc0138dd0_0, 0, 1;
    %pushi/vec4 0, 0, 1;
    %store/vec4 v0000024fc0138c90_0, 0, 1;
    %pushi/vec4 0, 0, 3;
    %store/vec4 v0000024fc006e900_0, 0, 3;
    %jmp T_3.8;
T_3.3 ;
    %pushi/vec4 0, 0, 1;
    %store/vec4 v0000024fc0138f10_0, 0, 1;
    %pushi/vec4 0, 0, 1;
    %store/vec4 v0000024fc006e9a0_0, 0, 1;
    %pushi/vec4 0, 0, 1;
    %store/vec4 v0000024fc0138830_0, 0, 1;
    %pushi/vec4 0, 0, 1;
    %store/vec4 v0000024fc0138bf0_0, 0, 1;
    %pushi/vec4 0, 0, 1;
    %store/vec4 v0000024fc0139550_0, 0, 1;
    %pushi/vec4 0, 0, 1;
    %store/vec4 v0000024fc0138dd0_0, 0, 1;
    %pushi/vec4 1, 0, 1;
    %store/vec4 v0000024fc0138c90_0, 0, 1;
    %pushi/vec4 1, 0, 3;
    %store/vec4 v0000024fc006e900_0, 0, 3;
    %jmp T_3.8;
T_3.4 ;
    %pushi/vec4 0, 0, 1;
    %store/vec4 v0000024fc0138f10_0, 0, 1;
    %pushi/vec4 1, 0, 1;
    %store/vec4 v0000024fc006e9a0_0, 0, 1;
    %pushi/vec4 0, 0, 1;
    %store/vec4 v0000024fc0138830_0, 0, 1;
    %pushi/vec4 1, 0, 1;
    %store/vec4 v0000024fc0138bf0_0, 0, 1;
    %pushi/vec4 0, 0, 1;
    %store/vec4 v0000024fc0139550_0, 0, 1;
    %pushi/vec4 0, 0, 1;
    %store/vec4 v0000024fc0138dd0_0, 0, 1;
    %pushi/vec4 0, 0, 1;
    %store/vec4 v0000024fc0138c90_0, 0, 1;
    %pushi/vec4 0, 0, 3;
    %store/vec4 v0000024fc006e900_0, 0, 3;
    %jmp T_3.8;
T_3.5 ;
    %pushi/vec4 0, 0, 1;
    %store/vec4 v0000024fc0138f10_0, 0, 1;
    %pushi/vec4 1, 0, 1;
    %store/vec4 v0000024fc006e9a0_0, 0, 1;
    %pushi/vec4 0, 0, 1;
    %store/vec4 v0000024fc0138830_0, 0, 1;
    %pushi/vec4 1, 0, 1;
    %store/vec4 v0000024fc0138bf0_0, 0, 1;
    %pushi/vec4 0, 0, 1;
    %store/vec4 v0000024fc0139550_0, 0, 1;
    %pushi/vec4 0, 0, 1;
    %store/vec4 v0000024fc0138dd0_0, 0, 1;
    %pushi/vec4 0, 0, 1;
    %store/vec4 v0000024fc0138c90_0, 0, 1;
    %pushi/vec4 3, 0, 3;
    %store/vec4 v0000024fc006e900_0, 0, 3;
    %jmp T_3.8;
T_3.6 ;
    %pushi/vec4 0, 0, 1;
    %store/vec4 v0000024fc0138f10_0, 0, 1;
    %pushi/vec4 1, 0, 1;
    %store/vec4 v0000024fc006e9a0_0, 0, 1;
    %pushi/vec4 0, 0, 1;
    %store/vec4 v0000024fc0138830_0, 0, 1;
    %pushi/vec4 1, 0, 1;
    %store/vec4 v0000024fc0138bf0_0, 0, 1;
    %pushi/vec4 0, 0, 1;
    %store/vec4 v0000024fc0139550_0, 0, 1;
    %pushi/vec4 0, 0, 1;
    %store/vec4 v0000024fc0138dd0_0, 0, 1;
    %pushi/vec4 0, 0, 1;
    %store/vec4 v0000024fc0138c90_0, 0, 1;
    %pushi/vec4 4, 0, 3;
    %store/vec4 v0000024fc006e900_0, 0, 3;
    %jmp T_3.8;
T_3.8 ;
    %pop/vec4 1;
    %jmp T_3;
    .thread T_3, $push;
    .scope S_0000024fbffee210;
T_4 ;
    %pushi/vec4 0, 0, 32;
    %store/vec4 v0000024fc0138650_0, 0, 32;
T_4.0 ;
    %load/vec4 v0000024fc0138650_0;
    %cmpi/s 32, 0, 32;
    %jmp/0xz T_4.1, 5;
    %pushi/vec4 0, 0, 32;
    %ix/getv/s 4, v0000024fc0138650_0;
    %store/vec4a v0000024fc01395f0, 4, 0;
    %load/vec4 v0000024fc0138650_0;
    %addi 1, 0, 32;
    %store/vec4 v0000024fc0138650_0, 0, 32;
    %jmp T_4.0;
T_4.1 ;
    %end;
    .thread T_4;
    .scope S_0000024fbffee210;
T_5 ;
    %wait E_0000024fc00a5f60;
    %load/vec4 v0000024fc01386f0_0;
    %flag_set/vec4 8;
    %jmp/0xz  T_5.0, 8;
    %pushi/vec4 0, 0, 32;
    %store/vec4 v0000024fc0138650_0, 0, 32;
T_5.2 ;
    %load/vec4 v0000024fc0138650_0;
    %cmpi/s 32, 0, 32;
    %jmp/0xz T_5.3, 5;
    %pushi/vec4 0, 0, 32;
    %ix/getv/s 3, v0000024fc0138650_0;
    %ix/load 4, 0, 0; Constant delay
    %assign/vec4/a/d v0000024fc01395f0, 0, 4;
    %load/vec4 v0000024fc0138650_0;
    %addi 1, 0, 32;
    %store/vec4 v0000024fc0138650_0, 0, 32;
    %jmp T_5.2;
T_5.3 ;
    %jmp T_5.1;
T_5.0 ;
    %load/vec4 v0000024fc0139c30_0;
    %load/vec4 v0000024fc0138ab0_0;
    %pushi/vec4 0, 0, 5;
    %cmp/ne;
    %flag_get/vec4 4;
    %and;
    %flag_set/vec4 8;
    %jmp/0xz  T_5.4, 8;
    %load/vec4 v0000024fc0139a50_0;
    %load/vec4 v0000024fc0138ab0_0;
    %pad/u 7;
    %ix/vec4 3;
    %ix/load 4, 0, 0; Constant delay
    %assign/vec4/a/d v0000024fc01395f0, 0, 4;
T_5.4 ;
T_5.1 ;
    %jmp T_5;
    .thread T_5;
    .scope S_0000024fc006f910;
T_6 ;
    %wait E_0000024fc00a5e20;
    %load/vec4 v0000024fc009c750_0;
    %dup/vec4;
    %pushi/vec4 0, 0, 3;
    %cmp/u;
    %jmp/1 T_6.0, 6;
    %dup/vec4;
    %pushi/vec4 1, 0, 3;
    %cmp/u;
    %jmp/1 T_6.1, 6;
    %dup/vec4;
    %pushi/vec4 2, 0, 3;
    %cmp/u;
    %jmp/1 T_6.2, 6;
    %dup/vec4;
    %pushi/vec4 3, 0, 3;
    %cmp/u;
    %jmp/1 T_6.3, 6;
    %dup/vec4;
    %pushi/vec4 4, 0, 3;
    %cmp/u;
    %jmp/1 T_6.4, 6;
    %pushi/vec4 15, 0, 4;
    %store/vec4 v0000024fc009d6f0_0, 0, 4;
    %jmp T_6.6;
T_6.0 ;
    %pushi/vec4 2, 0, 4;
    %store/vec4 v0000024fc009d6f0_0, 0, 4;
    %jmp T_6.6;
T_6.1 ;
    %pushi/vec4 6, 0, 4;
    %store/vec4 v0000024fc009d6f0_0, 0, 4;
    %jmp T_6.6;
T_6.2 ;
    %load/vec4 v0000024fc009ca70_0;
    %dup/vec4;
    %pushi/vec4 0, 0, 6;
    %cmp/u;
    %jmp/1 T_6.7, 6;
    %dup/vec4;
    %pushi/vec4 2, 0, 6;
    %cmp/u;
    %jmp/1 T_6.8, 6;
    %dup/vec4;
    %pushi/vec4 3, 0, 6;
    %cmp/u;
    %jmp/1 T_6.9, 6;
    %dup/vec4;
    %pushi/vec4 32, 0, 6;
    %cmp/u;
    %jmp/1 T_6.10, 6;
    %dup/vec4;
    %pushi/vec4 34, 0, 6;
    %cmp/u;
    %jmp/1 T_6.11, 6;
    %dup/vec4;
    %pushi/vec4 36, 0, 6;
    %cmp/u;
    %jmp/1 T_6.12, 6;
    %dup/vec4;
    %pushi/vec4 37, 0, 6;
    %cmp/u;
    %jmp/1 T_6.13, 6;
    %dup/vec4;
    %pushi/vec4 38, 0, 6;
    %cmp/u;
    %jmp/1 T_6.14, 6;
    %dup/vec4;
    %pushi/vec4 39, 0, 6;
    %cmp/u;
    %jmp/1 T_6.15, 6;
    %dup/vec4;
    %pushi/vec4 42, 0, 6;
    %cmp/u;
    %jmp/1 T_6.16, 6;
    %pushi/vec4 15, 0, 4;
    %store/vec4 v0000024fc009d6f0_0, 0, 4;
    %jmp T_6.18;
T_6.7 ;
    %pushi/vec4 4, 0, 4;
    %store/vec4 v0000024fc009d6f0_0, 0, 4;
    %jmp T_6.18;
T_6.8 ;
    %pushi/vec4 5, 0, 4;
    %store/vec4 v0000024fc009d6f0_0, 0, 4;
    %jmp T_6.18;
T_6.9 ;
    %pushi/vec4 8, 0, 4;
    %store/vec4 v0000024fc009d6f0_0, 0, 4;
    %jmp T_6.18;
T_6.10 ;
    %pushi/vec4 2, 0, 4;
    %store/vec4 v0000024fc009d6f0_0, 0, 4;
    %jmp T_6.18;
T_6.11 ;
    %pushi/vec4 6, 0, 4;
    %store/vec4 v0000024fc009d6f0_0, 0, 4;
    %jmp T_6.18;
T_6.12 ;
    %pushi/vec4 0, 0, 4;
    %store/vec4 v0000024fc009d6f0_0, 0, 4;
    %jmp T_6.18;
T_6.13 ;
    %pushi/vec4 1, 0, 4;
    %store/vec4 v0000024fc009d6f0_0, 0, 4;
    %jmp T_6.18;
T_6.14 ;
    %pushi/vec4 3, 0, 4;
    %store/vec4 v0000024fc009d6f0_0, 0, 4;
    %jmp T_6.18;
T_6.15 ;
    %pushi/vec4 12, 0, 4;
    %store/vec4 v0000024fc009d6f0_0, 0, 4;
    %jmp T_6.18;
T_6.16 ;
    %pushi/vec4 7, 0, 4;
    %store/vec4 v0000024fc009d6f0_0, 0, 4;
    %jmp T_6.18;
T_6.18 ;
    %pop/vec4 1;
    %jmp T_6.6;
T_6.3 ;
    %pushi/vec4 9, 0, 4;
    %store/vec4 v0000024fc009d6f0_0, 0, 4;
    %jmp T_6.6;
T_6.4 ;
    %pushi/vec4 10, 0, 4;
    %store/vec4 v0000024fc009d6f0_0, 0, 4;
    %jmp T_6.6;
T_6.6 ;
    %pop/vec4 1;
    %jmp T_6;
    .thread T_6, $push;
    .scope S_0000024fc00d6e10;
T_7 ;
    %wait E_0000024fc00a5ce0;
    %load/vec4 v0000024fc009d1f0_0;
    %dup/vec4;
    %pushi/vec4 0, 0, 4;
    %cmp/u;
    %jmp/1 T_7.0, 6;
    %dup/vec4;
    %pushi/vec4 1, 0, 4;
    %cmp/u;
    %jmp/1 T_7.1, 6;
    %dup/vec4;
    %pushi/vec4 2, 0, 4;
    %cmp/u;
    %jmp/1 T_7.2, 6;
    %dup/vec4;
    %pushi/vec4 3, 0, 4;
    %cmp/u;
    %jmp/1 T_7.3, 6;
    %dup/vec4;
    %pushi/vec4 4, 0, 4;
    %cmp/u;
    %jmp/1 T_7.4, 6;
    %dup/vec4;
    %pushi/vec4 5, 0, 4;
    %cmp/u;
    %jmp/1 T_7.5, 6;
    %dup/vec4;
    %pushi/vec4 6, 0, 4;
    %cmp/u;
    %jmp/1 T_7.6, 6;
    %dup/vec4;
    %pushi/vec4 7, 0, 4;
    %cmp/u;
    %jmp/1 T_7.7, 6;
    %dup/vec4;
    %pushi/vec4 8, 0, 4;
    %cmp/u;
    %jmp/1 T_7.8, 6;
    %dup/vec4;
    %pushi/vec4 9, 0, 4;
    %cmp/u;
    %jmp/1 T_7.9, 6;
    %dup/vec4;
    %pushi/vec4 10, 0, 4;
    %cmp/u;
    %jmp/1 T_7.10, 6;
    %dup/vec4;
    %pushi/vec4 12, 0, 4;
    %cmp/u;
    %jmp/1 T_7.11, 6;
    %pushi/vec4 0, 0, 32;
    %store/vec4 v0000024fc009d290_0, 0, 32;
    %jmp T_7.13;
T_7.0 ;
    %load/vec4 v0000024fc009cd90_0;
    %load/vec4 v0000024fc009ce30_0;
    %and;
    %store/vec4 v0000024fc009d290_0, 0, 32;
    %jmp T_7.13;
T_7.1 ;
    %load/vec4 v0000024fc009cd90_0;
    %load/vec4 v0000024fc009ce30_0;
    %or;
    %store/vec4 v0000024fc009d290_0, 0, 32;
    %jmp T_7.13;
T_7.2 ;
    %load/vec4 v0000024fc009cd90_0;
    %load/vec4 v0000024fc009ce30_0;
    %add;
    %store/vec4 v0000024fc009d290_0, 0, 32;
    %jmp T_7.13;
T_7.3 ;
    %load/vec4 v0000024fc009cd90_0;
    %load/vec4 v0000024fc009ce30_0;
    %xor;
    %store/vec4 v0000024fc009d290_0, 0, 32;
    %jmp T_7.13;
T_7.4 ;
    %load/vec4 v0000024fc009cd90_0;
    %load/vec4 v0000024fc009ce30_0;
    %parti/s 5, 0, 2;
    %ix/vec4 4;
    %shiftl 4;
    %store/vec4 v0000024fc009d290_0, 0, 32;
    %jmp T_7.13;
T_7.5 ;
    %load/vec4 v0000024fc009cd90_0;
    %load/vec4 v0000024fc009ce30_0;
    %parti/s 5, 0, 2;
    %ix/vec4 4;
    %shiftr 4;
    %store/vec4 v0000024fc009d290_0, 0, 32;
    %jmp T_7.13;
T_7.6 ;
    %load/vec4 v0000024fc009cd90_0;
    %load/vec4 v0000024fc009ce30_0;
    %sub;
    %store/vec4 v0000024fc009d290_0, 0, 32;
    %jmp T_7.13;
T_7.7 ;
    %load/vec4 v0000024fc009cd90_0;
    %load/vec4 v0000024fc009ce30_0;
    %cmp/s;
    %flag_mov 8, 5;
    %jmp/0 T_7.14, 8;
    %pushi/vec4 1, 0, 32;
    %jmp/1 T_7.15, 8;
T_7.14 ; End of true expr.
    %pushi/vec4 0, 0, 32;
    %jmp/0 T_7.15, 8;
 ; End of false expr.
    %blend;
T_7.15;
    %store/vec4 v0000024fc009d290_0, 0, 32;
    %jmp T_7.13;
T_7.8 ;
    %load/vec4 v0000024fc009cd90_0;
    %load/vec4 v0000024fc009ce30_0;
    %parti/s 5, 0, 2;
    %ix/vec4 4;
    %shiftr/s 4;
    %store/vec4 v0000024fc009d290_0, 0, 32;
    %jmp T_7.13;
T_7.9 ;
    %load/vec4 v0000024fc009ce30_0;
    %ix/load 4, 16, 0;
    %flag_set/imm 4, 0;
    %shiftl 4;
    %store/vec4 v0000024fc009d290_0, 0, 32;
    %jmp T_7.13;
T_7.10 ;
    %load/vec4 v0000024fc009cd90_0;
    %load/vec4 v0000024fc009ce30_0;
    %or;
    %store/vec4 v0000024fc009d290_0, 0, 32;
    %jmp T_7.13;
T_7.11 ;
    %load/vec4 v0000024fc009cd90_0;
    %load/vec4 v0000024fc009ce30_0;
    %or;
    %inv;
    %store/vec4 v0000024fc009d290_0, 0, 32;
    %jmp T_7.13;
T_7.13 ;
    %pop/vec4 1;
    %jmp T_7;
    .thread T_7, $push;
    .scope S_0000024fc003fc50;
T_8 ;
    %wait E_0000024fc00a5960;
    %load/vec4 v0000024fc0139eb0_0;
    %flag_set/vec4 8;
    %jmp/0xz  T_8.0, 8;
    %load/vec4 v0000024fc0138470_0;
    %parti/s 10, 2, 3;
    %pad/u 12;
    %ix/vec4 4;
    %load/vec4a v0000024fc0139730, 4;
    %store/vec4 v0000024fc0138330_0, 0, 32;
    %jmp T_8.1;
T_8.0 ;
    %pushi/vec4 0, 0, 32;
    %store/vec4 v0000024fc0138330_0, 0, 32;
T_8.1 ;
    %jmp T_8;
    .thread T_8, $push;
    .scope S_0000024fc003fc50;
T_9 ;
    %wait E_0000024fc00a5f60;
    %load/vec4 v0000024fc0139f50_0;
    %flag_set/vec4 8;
    %jmp/0xz  T_9.0, 8;
    %load/vec4 v0000024fc0139910_0;
    %load/vec4 v0000024fc0138470_0;
    %parti/s 10, 2, 3;
    %pad/u 12;
    %ix/vec4 3;
    %ix/load 4, 0, 0; Constant delay
    %assign/vec4/a/d v0000024fc0139730, 0, 4;
T_9.0 ;
    %jmp T_9;
    .thread T_9;
    .scope S_0000024fc00b3b10;
T_10 ;
    %pushi/vec4 0, 0, 1;
    %store/vec4 v0000024fc01552c0_0, 0, 1;
T_10.0 ;
    %delay 5000, 0;
    %load/vec4 v0000024fc01552c0_0;
    %inv;
    %store/vec4 v0000024fc01552c0_0, 0, 1;
    %jmp T_10.0;
    %end;
    .thread T_10;
    .scope S_0000024fc00b3b10;
T_11 ;
    %pushi/vec4 1, 0, 1;
    %store/vec4 v0000024fc0155860_0, 0, 1;
    %delay 20000, 0;
    %pushi/vec4 0, 0, 1;
    %store/vec4 v0000024fc0155860_0, 0, 1;
    %end;
    .thread T_11;
    .scope S_0000024fc00b3b10;
T_12 ;
    %vpi_call 2 41 "$dumpfile", "dump.vcd" {0 0 0};
    %vpi_call 2 42 "$dumpvars", 32'sb00000000000000000000000000000000, S_0000024fc00b3b10 {0 0 0};
    %end;
    .thread T_12;
    .scope S_0000024fc00b3b10;
T_13 ;
    %vpi_call 2 50 "$display", "---------------------------------------------------------------" {0 0 0};
    %vpi_call 2 51 "$display", " Time\011PC\011\011Instruction\011ALUResult\011Halt" {0 0 0};
    %vpi_call 2 52 "$display", "---------------------------------------------------------------" {0 0 0};
    %vpi_call 2 54 "$monitor", "%4t\011%h\011%h\011%h\011%b", $time, v0000024fc0155360_0, v0000024fc01546e0_0, v0000024fc0152310_0, v0000024fc0155d60_0 {0 0 0};
    %end;
    .thread T_13;
    .scope S_0000024fc00b3b10;
T_14 ;
T_14.0 ;
    %load/vec4 v0000024fc0155d60_0;
    %pushi/vec4 1, 0, 1;
    %cmp/e;
    %flag_get/vec4 4;
    %cmpi/ne 1, 0, 1;
    %jmp/0xz T_14.1, 6;
    %wait E_0000024fc00a4660;
    %jmp T_14.0;
T_14.1 ;
    %delay 20000, 0;
    %vpi_call 2 71 "$display", "\012================ FINAL REGISTER VALUES ================\012" {0 0 0};
    %vpi_call 2 73 "$display", "R1  = %h", &A<v0000024fc01395f0, 1> {0 0 0};
    %vpi_call 2 74 "$display", "R2  = %d", &A<v0000024fc01395f0, 2> {0 0 0};
    %vpi_call 2 75 "$display", "R3  = %d", &A<v0000024fc01395f0, 3> {0 0 0};
    %vpi_call 2 76 "$display", "R4  = %d", &A<v0000024fc01395f0, 4> {0 0 0};
    %vpi_call 2 77 "$display", "R5  = %d", &A<v0000024fc01395f0, 5> {0 0 0};
    %vpi_call 2 78 "$display", "R6  = %d", &A<v0000024fc01395f0, 6> {0 0 0};
    %vpi_call 2 79 "$display", "R7  = %d", &A<v0000024fc01395f0, 7> {0 0 0};
    %vpi_call 2 80 "$display", "R8  = %h", &A<v0000024fc01395f0, 8> {0 0 0};
    %vpi_call 2 81 "$display", "R9  = %d", &A<v0000024fc01395f0, 9> {0 0 0};
    %vpi_call 2 82 "$display", "R10 = %d", &A<v0000024fc01395f0, 10> {0 0 0};
    %vpi_call 2 83 "$display", "R11 = %d", &A<v0000024fc01395f0, 11> {0 0 0};
    %vpi_call 2 84 "$display", "R12 = %d", &A<v0000024fc01395f0, 12> {0 0 0};
    %vpi_call 2 86 "$display", "\012================ DATA MEMORY ================\012" {0 0 0};
    %vpi_call 2 88 "$display", "MEM[0] = %d", &A<v0000024fc0139730, 0> {0 0 0};
    %vpi_call 2 90 "$display", "\012Simulation Completed Successfully." {0 0 0};
    %vpi_call 2 92 "$finish" {0 0 0};
    %end;
    .thread T_14;
    .scope S_0000024fc00b3b10;
T_15 ;
    %delay 1000000, 0;
    %vpi_call 2 102 "$display", "\012ERROR : Simulation Timed Out!" {0 0 0};
    %vpi_call 2 104 "$finish" {0 0 0};
    %end;
    .thread T_15;
# The file index is used to find the file name in the following table.
:file_names 4;
    "N/A";
    "<interactive>";
    "tb_MIPS_SingleCycle.v";
    "MIPS_SingleCycle.v";
